[
{
    "model": "contenttypes.contenttype",
    "pk": 1,
    "fields": {
        "app_label": "admin",
        "model": "logentry"
    }
},
{
    "model": "contenttypes.contenttype",
    "pk": 2,
    "fields": {
        "app_label": "auth",
        "model": "permission"
    }
},
{
    "model": "contenttypes.contenttype",
    "pk": 3,
    "fields": {
        "app_label": "auth",
        "model": "group"
    }
},
{
    "model": "contenttypes.contenttype",
    "pk": 4,
    "fields": {
        "app_label": "auth",
        "model": "user"
    }
},
{
    "model": "contenttypes.contenttype",
    "pk": 5,
    "fields": {
        "app_label": "contenttypes",
        "model": "contenttype"
    }
},
{
    "model": "contenttypes.contenttype",
    "pk": 6,
    "fields": {
        "app_label": "sessions",
        "model": "session"
    }
},
{
    "model": "contenttypes.contenttype",
    "pk": 7,
    "fields": {
        "app_label": "sites",
        "model": "site"
    }
},
{
    "model": "contenttypes.contenttype",
    "pk": 8,
    "fields": {
        "app_label": "authtoken",
        "model": "token"
    }
},
{
    "model": "contenttypes.contenttype",
    "pk": 9,
    "fields": {
        "app_label": "account",
        "model": "emailaddress"
    }
},
{
    "model": "contenttypes.contenttype",
    "pk": 10,
    "fields": {
        "app_label": "account",
        "model": "emailconfirmation"
    }
},
{
    "model": "contenttypes.contenttype",
    "pk": 11,
    "fields": {
        "app_label": "socialaccount",
        "model": "socialapp"
    }
},
{
    "model": "contenttypes.contenttype",
    "pk": 12,
    "fields": {
        "app_label": "socialaccount",
        "model": "socialaccount"
    }
},
{
    "model": "contenttypes.contenttype",
    "pk": 13,
    "fields": {
        "app_label": "socialaccount",
        "model": "socialtoken"
    }
},
{
    "model": "contenttypes.contenttype",
    "pk": 14,
    "fields": {
        "app_label": "social_django",
        "model": "usersocialauth"
    }
},
{
    "model": "contenttypes.contenttype",
    "pk": 15,
    "fields": {
        "app_label": "social_django",
        "model": "nonce"
    }
},
{
    "model": "contenttypes.contenttype",
    "pk": 16,
    "fields": {
        "app_label": "social_django",
        "model": "association"
    }
},
{
    "model": "contenttypes.contenttype",
    "pk": 17,
    "fields": {
        "app_label": "social_django",
        "model": "code"
    }
},
{
    "model": "contenttypes.contenttype",
    "pk": 18,
    "fields": {
        "app_label": "social_django",
        "model": "partial"
    }
},
{
    "model": "contenttypes.contenttype",
    "pk": 19,
    "fields": {
        "app_label": "authentication",
        "model": "votinguser"
    }
},
{
    "model": "contenttypes.contenttype",
    "pk": 20,
    "fields": {
        "app_label": "base",
        "model": "auth"
    }
},
{
    "model": "contenttypes.contenttype",
    "pk": 21,
    "fields": {
        "app_label": "base",
        "model": "key"
    }
},
{
    "model": "contenttypes.contenttype",
    "pk": 22,
    "fields": {
        "app_label": "census",
        "model": "census"
    }
},
{
    "model": "contenttypes.contenttype",
    "pk": 23,
    "fields": {
        "app_label": "mixnet",
        "model": "mixnet"
    }
},
{
    "model": "contenttypes.contenttype",
    "pk": 24,
    "fields": {
        "app_label": "store",
        "model": "vote"
    }
},
{
    "model": "contenttypes.contenttype",
    "pk": 25,
    "fields": {
        "app_label": "voting",
        "model": "question"
    }
},
{
    "model": "contenttypes.contenttype",
    "pk": 26,
    "fields": {
        "app_label": "voting",
        "model": "questionoption"
    }
},
{
    "model": "contenttypes.contenttype",
    "pk": 27,
    "fields": {
        "app_label": "voting",
        "model": "candidatura"
    }
},
{
    "model": "contenttypes.contenttype",
    "pk": 28,
    "fields": {
        "app_label": "voting",
        "model": "voting"
    }
},
{
    "model": "sessions.session",
    "pk": "e0d38zyx1ovuxnxjxmgbaddov2clkocm",
    "fields": {
        "session_data": "Zjc2NTMyZjA5YmI1NGFkYjJkYjdkZTZlYWQzNWUzMzMyOWY3MzUwYjp7ImF1dGgtdG9rZW4iOiI5MjNlYjkwOWMxNTY1OTU1MzFlN2JjZjk4ODYyM2Q0MjU1MzQyODJmIiwiX2F1dGhfdXNlcl9pZCI6IjEiLCJfYXV0aF91c2VyX2JhY2tlbmQiOiJiYXNlLmJhY2tlbmRzLkF1dGhCYWNrZW5kIiwiX2F1dGhfdXNlcl9oYXNoIjoiMzQ2MzI1ZmM5MTIyNjc0MmM0ZjBjZWNjNjNkNDViN2YzMmI4MzY2ZCJ9",
        "expire_date": "2021-01-29T10:42:17.918Z"
    }
},
{
    "model": "sites.site",
    "pk": 1,
    "fields": {
        "domain": "example.com",
        "name": "example.com"
    }
},
{
    "model": "base.auth",
    "pk": 1,
    "fields": {
        "name": "localhost:8000",
        "url": "http://localhost:8000",
        "me": false
    }
},
{
    "model": "base.auth",
    "pk": 2,
    "fields": {
        "name": "localhost:8000",
        "url": "http://localhost:8000",
        "me": true
    }
},
{
    "model": "base.key",
    "pk": 1,
    "fields": {
        "p": 104964549016260473288662632836244789080163573511237677447116104995980402558759,
        "g": 85031890816436761018573210887631369066488877145509918680128974467244299149171,
        "y": 52209462085839487918080751636955406261348582194126045872430773360897888405274,
        "x": 31897536749826952886619938043886411202768080784657083157398328007221567487631
    }
},
{
    "model": "base.key",
    "pk": 2,
    "fields": {
        "p": 104964549016260473288662632836244789080163573511237677447116104995980402558759,
        "g": 85031890816436761018573210887631369066488877145509918680128974467244299149171,
        "y": 52209462085839487918080751636955406261348582194126045872430773360897888405274,
        "x": 0
    }
},
{
    "model": "base.key",
    "pk": 3,
    "fields": {
        "p": 104964549016260473288662632836244789080163573511237677447116104995980402558759,
        "g": 85031890816436761018573210887631369066488877145509918680128974467244299149171,
        "y": 52209462085839487918080751636955406261348582194126045872430773360897888405274,
        "x": 0
    }
},
{
    "model": "base.key",
    "pk": 4,
    "fields": {
        "p": 103256115102318377378563126937432455467984021822714436559011206914055290860487,
        "g": 52945094882924435762700970284054419237812550086398244369515459625700851771836,
        "y": 28665856590361549846114557649405773197444998130825706935877044366468932114357,
        "x": 74476142994363002122261886107564346384970863349452652373454354240961560101697
    }
},
{
    "model": "base.key",
    "pk": 5,
    "fields": {
        "p": 103256115102318377378563126937432455467984021822714436559011206914055290860487,
        "g": 52945094882924435762700970284054419237812550086398244369515459625700851771836,
        "y": 28665856590361549846114557649405773197444998130825706935877044366468932114357,
        "x": 0
    }
},
{
    "model": "base.key",
    "pk": 6,
    "fields": {
        "p": 103256115102318377378563126937432455467984021822714436559011206914055290860487,
        "g": 52945094882924435762700970284054419237812550086398244369515459625700851771836,
        "y": 28665856590361549846114557649405773197444998130825706935877044366468932114357,
        "x": 0
    }
},
{
    "model": "census.census",
    "pk": 1,
    "fields": {
        "voting_id": 1,
        "voter_id": 2
    }
},
{
    "model": "census.census",
    "pk": 2,
    "fields": {
        "voting_id": 1,
        "voter_id": 3
    }
},
{
    "model": "census.census",
    "pk": 3,
    "fields": {
        "voting_id": 1,
        "voter_id": 4
    }
},
{
    "model": "census.census",
    "pk": 4,
    "fields": {
        "voting_id": 1,
        "voter_id": 5
    }
},
{
    "model": "census.census",
    "pk": 5,
    "fields": {
        "voting_id": 1,
        "voter_id": 6
    }
},
{
    "model": "census.census",
    "pk": 6,
    "fields": {
        "voting_id": 1,
        "voter_id": 7
    }
},
{
    "model": "census.census",
    "pk": 7,
    "fields": {
        "voting_id": 1,
        "voter_id": 8
    }
},
{
    "model": "census.census",
    "pk": 8,
    "fields": {
        "voting_id": 1,
        "voter_id": 9
    }
},
{
    "model": "census.census",
    "pk": 9,
    "fields": {
        "voting_id": 1,
        "voter_id": 10
    }
},
{
    "model": "census.census",
    "pk": 10,
    "fields": {
        "voting_id": 1,
        "voter_id": 11
    }
},
{
    "model": "census.census",
    "pk": 11,
    "fields": {
        "voting_id": 2,
        "voter_id": 2
    }
},
{
    "model": "census.census",
    "pk": 12,
    "fields": {
        "voting_id": 2,
        "voter_id": 3
    }
},
{
    "model": "census.census",
    "pk": 13,
    "fields": {
        "voting_id": 2,
        "voter_id": 4
    }
},
{
    "model": "census.census",
    "pk": 14,
    "fields": {
        "voting_id": 2,
        "voter_id": 5
    }
},
{
    "model": "census.census",
    "pk": 15,
    "fields": {
        "voting_id": 2,
        "voter_id": 6
    }
},
{
    "model": "census.census",
    "pk": 16,
    "fields": {
        "voting_id": 2,
        "voter_id": 7
    }
},
{
    "model": "census.census",
    "pk": 17,
    "fields": {
        "voting_id": 2,
        "voter_id": 8
    }
},
{
    "model": "census.census",
    "pk": 18,
    "fields": {
        "voting_id": 2,
        "voter_id": 9
    }
},
{
    "model": "census.census",
    "pk": 19,
    "fields": {
        "voting_id": 2,
        "voter_id": 10
    }
},
{
    "model": "census.census",
    "pk": 20,
    "fields": {
        "voting_id": 2,
        "voter_id": 11
    }
},
{
    "model": "mixnet.mixnet",
    "pk": 1,
    "fields": {
        "voting_id": 1,
        "auth_position": 0,
        "key": 1,
        "pubkey": 2,
        "auths": [
            2
        ]
    }
},
{
    "model": "mixnet.mixnet",
    "pk": 2,
    "fields": {
        "voting_id": 2,
        "auth_position": 0,
        "key": 4,
        "pubkey": 5,
        "auths": [
            2
        ]
    }
},
{
    "model": "store.vote",
    "pk": 1,
    "fields": {
        "voting_id": 1,
        "voter_id": 9,
        "data": {
            "age": {
                "a": "67556349406311988301166935809112990812027555541387928159617697816587427362041",
                "b": "74562867215454240431269838434290643547782860455913928387621709029967151647697"
            },
            "sex": {
                "a": "55223972465140876785331063138006022468656901668588831603156135054760964830421",
                "b": "96201994817814713117006791854945257371929556496160538309488739070912654529778"
            },
            "year": {
                "a": "19851267704774090624080414889256445276166217788003476891555631055375533788641",
                "b": "10302801166426304144712802748972563954942274664877537556551470826411249422715"
            },
            "grade": {
                "a": "16178888151589769260921772249235339684863265659903724639029572654675738833906",
                "b": "73846412532541127311918650085773125536479241208519869710113180545012805530967"
            },
            "elige representante de tercero de la candidatura \"Candidatura de ejemplo\"": {
                "a": "10074665977254210748833653919223386106889782318813714939386058534437624463003",
                "b": "24962470574098076980673581910634624803103328229956907990711856934457067749232"
            },
            "elige representante de delegado de centro de la candidatura \"Candidatura de ejemplo\"": {
                "a": "25071062773194507798150647942347478759188896936132621500036959230588779006225",
                "b": "8933056776102022948830244574872378408745248793551230767406880386927252137148"
            }
        },
        "voted": "2021-01-15T10:36:34.658Z"
    }
},
{
    "model": "store.vote",
    "pk": 2,
    "fields": {
        "voting_id": 1,
        "voter_id": 7,
        "data": {
            "age": {
                "a": "79029526746706925563016774068742064275573385239948575975118505975703035047206",
                "b": "101072105754328506976277346357189123435841136719376983148034627331078112136116"
            },
            "sex": {
                "a": "76133177814563503813546073709458328335217684278160030319054047908168243836548",
                "b": "26375329798064175992947945374309745006440191046696852551813564640543850778400"
            },
            "year": {
                "a": "32254262697414500105419861514826857108269338253007277751527484961195565891401",
                "b": "43993134800089340651661101091170295679139581718790102527218599198915170975927"
            },
            "grade": {
                "a": "48439591731727959104528565389104486994377233867742174542507298566399755130155",
                "b": "32203734002736307925812730869539313911818112249547494226132761581003150551164"
            },
            "elige representante de primero de la candidatura \"Candidatura de ejemplo\"": {
                "a": "74787159924415605478553984376927589596096247306434948929359830814907754359689",
                "b": "87313823386691092534735285672817108346075288471615353864560848476557213885074"
            },
            "elige representante de delegado de centro de la candidatura \"Candidatura de ejemplo\"": {
                "a": "36651086809917313063014805415594673033939004447637304474523570523817695452821",
                "b": "64250533469221610166592678215828313841957032086926805749059552380079986208789"
            }
        },
        "voted": "2021-01-15T10:36:58.549Z"
    }
},
{
    "model": "store.vote",
    "pk": 3,
    "fields": {
        "voting_id": 1,
        "voter_id": 10,
        "data": {
            "age": {
                "a": "9486218330477902912486028101810818358283083715858190916002455030767379369223",
                "b": "48103201309767415227980073304290420874812982040293037024703033537490395133361"
            },
            "sex": {
                "a": "14514882535543072187346705171145231756672394058021224131502636334245382540297",
                "b": "16174569423414745238287155949497837529030086926611463453399435878887017224786"
            },
            "year": {
                "a": "8824781880605372413393331354303472803191305291585240814280215833188591323139",
                "b": "50520091959767864071734147929433921142387902059338376044340816831917598441272"
            },
            "grade": {
                "a": "77666728166249668079460319902453578493214296597599969499421323460124836580008",
                "b": "58915232261428444697433474800452298720118888834109234321722265308372726714574"
            },
            "elige representante de cuarto de la candidatura \"Candidatura de ejemplo\"": {
                "a": "29120319974327629009170471104840783952857146336534763357665152667869505775556",
                "b": "41263559601024292350337095393998009363334883588158199582863357109191460313455"
            },
            "elige representante de delegado de centro de la candidatura \"Candidatura de ejemplo\"": {
                "a": "87727851552889939509532566622016251585914641420229408873203509628769583727477",
                "b": "57166047768509104183890003558342628881706683399270885992405796056006702067604"
            }
        },
        "voted": "2021-01-15T10:37:33.761Z"
    }
},
{
    "model": "store.vote",
    "pk": 4,
    "fields": {
        "voting_id": 1,
        "voter_id": 3,
        "data": {
            "age": {
                "a": "33976544171254234318852497346314170871520094590943674910260970316635224886532",
                "b": "14093707011532949581517759197786943766379131626263183052540527306440331363476"
            },
            "sex": {
                "a": "22740351441792162325764353024918886927351026360357145951546806748089290036364",
                "b": "22459874408329569697595895705468801752996201142413523940469904828353941784898"
            },
            "year": {
                "a": "92191056097197885588634393703116177445009315744881443646078886086693243459814",
                "b": "23752288840840846215304481031771521667128602558112926849391607079921712916147"
            },
            "grade": {
                "a": "18991865098759110234422476427124391037994105464744734714564310997794038525876",
                "b": "36862693366504143336692457168366143393013994693033782278912800559356359097441"
            },
            "elige representante de segundo de la candidatura \"Candidatura de ejemplo\"": {
                "a": "53074947189292592182654398917065044563399686271270096926672583572965010658525",
                "b": "86078413630669869912282925962175043720942468741146032459725298276669738057853"
            },
            "elige representante de delegado de centro de la candidatura \"Candidatura de ejemplo\"": {
                "a": "95199082962607104233612329443394894886338843785323788475913121914927599148989",
                "b": "33833436333096282542150889331075682760045225721854058788021127754744346910288"
            }
        },
        "voted": "2021-01-15T10:38:07.770Z"
    }
},
{
    "model": "store.vote",
    "pk": 5,
    "fields": {
        "voting_id": 1,
        "voter_id": 8,
        "data": {
            "age": {
                "a": "5121121373146871736635519342728407364131759699579497652176452302022775433647",
                "b": "44163894296921258072336547771609398280849468113681045788953242237377554956565"
            },
            "sex": {
                "a": "3997372692979734567060231543707698216875641059086432611441659242911236013643",
                "b": "71348391870922938349097223066879798097305762257634089201843354528329062880771"
            },
            "year": {
                "a": "22064679682051411053201554145315870203789995044665723104485892115043318140667",
                "b": "29673204099199437572373814778041064253574473030606165745424462475478625108155"
            },
            "grade": {
                "a": "32706699504305035891381112729669993350865882858857272028296992308000065169201",
                "b": "86772015523292933638748893442693308436162517047934645284674983144428263640731"
            },
            "elige representante de segundo de la candidatura \"Candidatura de ejemplo\"": {
                "a": "84970358107831377011766648488598914437710345921301948171912753178586963942163",
                "b": "48517960639736424050006584071120319076588127997361476922493860518551455383460"
            },
            "elige representante de delegado de centro de la candidatura \"Candidatura de ejemplo\"": {
                "a": "58840935794856705859564417411829546260248845310648444488287231519380246161834",
                "b": "21464563094570065485218655109908479231719086602840425158901463477059326024088"
            }
        },
        "voted": "2021-01-15T10:38:33.178Z"
    }
},
{
    "model": "store.vote",
    "pk": 6,
    "fields": {
        "voting_id": 1,
        "voter_id": 2,
        "data": {
            "age": {
                "a": "36204422293487193576873782953498046109880873631631420112513150922366908182236",
                "b": "73819358028648312269771461871465329591179784063316612582955311833257976213314"
            },
            "sex": {
                "a": "51425301626432098512889094449226388465397348755179778788339853053627268403378",
                "b": "79708160105067869493665668782371967258524394659776166564873346083434200832317"
            },
            "year": {
                "a": "6893958639523509359147709046723524507221096441022408290470427466645340347866",
                "b": "101610188910908162330216908674049928755818472758361862837724498112886306867837"
            },
            "grade": {
                "a": "98924904370619579591960500378408534055696531094491218460919067506557423515148",
                "b": "9614698252086092814467196401936569654733196741815859168607923820945169019076"
            },
            "elige representante de primero de la candidatura \"Candidatura de ejemplo\"": {
                "a": "80391978491250819965393106011032490364239213710394548277226811221919090502617",
                "b": "21891590944076458872441511342450884504235540421839192339980490177528165635795"
            },
            "elige representante de delegado de centro de la candidatura \"Candidatura de ejemplo\"": {
                "a": "1285053673012958107563287400849529595945963906815696545571205351797499210578",
                "b": "62215999059353053769606029023394055535647939419818326068491046717608699218806"
            }
        },
        "voted": "2021-01-15T10:39:07.868Z"
    }
},
{
    "model": "store.vote",
    "pk": 7,
    "fields": {
        "voting_id": 1,
        "voter_id": 6,
        "data": {
            "age": {
                "a": "7382318251715045715347504048398542887345587978074401931097100359995287868514",
                "b": "94857522800794239869934523859812825734778678518908824673267459286163903969373"
            },
            "sex": {
                "a": "56874451957458886500384839755480822440623587722505694458847281634191131924496",
                "b": "92153099671888799581193932674610784366864064051729265755865956408372829260159"
            },
            "year": {
                "a": "98278749314909391170968721741154254671485745873642553754161401257061318283309",
                "b": "45345792878878421711581657269714905648471876819525739521272578457755489765048"
            },
            "grade": {
                "a": "104914226201156173996484659892625983890624399845523093123870484036189373590548",
                "b": "53483871790614817776245841447484329921155444158886019112239618646804245153861"
            },
            "elige representante de m\u00e1ster de la candidatura \"Candidatura de ejemplo\"": {
                "a": "46590723702101360931987969027989060045367606039965028906795703916591988959682",
                "b": "69425411807456660934700029436350115308505027229148860877672002838235218818207"
            },
            "elige representante de delegado de centro de la candidatura \"Candidatura de ejemplo\"": {
                "a": "13567909194253879694859395436161358268232142832459236294610453548113196522707",
                "b": "79176035463164429281005725088213933082174440912833679673092911857102379769226"
            }
        },
        "voted": "2021-01-15T10:39:29.951Z"
    }
},
{
    "model": "store.vote",
    "pk": 8,
    "fields": {
        "voting_id": 1,
        "voter_id": 5,
        "data": {
            "age": {
                "a": "37342932722126473325235247424570582580431491380188468440129425041698387256294",
                "b": "4869693557510440373348799557188079702864725683860604418205833141265600344027"
            },
            "sex": {
                "a": "65360415158949144464566413993131338945584759758631353667549961900283673952876",
                "b": "80503145977355227344855190082362461264231696532577324466514829804369843156638"
            },
            "year": {
                "a": "77323742843548960083747220416996877555614952341845070085346292003970111686920",
                "b": "28564632771345619857489497149984788656612903715222321151542131156360212567139"
            },
            "grade": {
                "a": "57534656856544372048050125167165614425473855602574032544214028684671998980414",
                "b": "32404430624276676879084424481806040586281334011549617495699283243536691168008"
            },
            "elige representante de cuarto de la candidatura \"Candidatura de ejemplo\"": {
                "a": "13514839547895016353837984519484109013347045759178640916396568437902413530508",
                "b": "34941748559208501005930440515534915015804712423643702622820996708423525547623"
            },
            "elige representante de delegado de centro de la candidatura \"Candidatura de ejemplo\"": {
                "a": "69914757238090086595799649164975700828575907828896828613640259944737965959486",
                "b": "50995549192725178138497190558715334547057969007299786217998710588819554771784"
            }
        },
        "voted": "2021-01-15T10:39:52.538Z"
    }
},
{
    "model": "store.vote",
    "pk": 9,
    "fields": {
        "voting_id": 1,
        "voter_id": 11,
        "data": {
            "age": {
                "a": "14684696051819295910365041453950240622256543527517251295293597180291680986372",
                "b": "22032701019030821411426486691994234085325336292570456273141058714375172376022"
            },
            "sex": {
                "a": "35454928623748956989865853417116693155647936888107312622980323214361670893822",
                "b": "34620156165883042181051027754904209356358913053524098365421088590272775619485"
            },
            "year": {
                "a": "96023061043036837409150754747425750405286810325252436161043192746851835478754",
                "b": "72054218779956559509452256413491865341204668363787237239787236091448417595289"
            },
            "grade": {
                "a": "26260445353315319377396627002340499139387570351886905630616236989435025847872",
                "b": "4412927648253740318935193777245975150590448775643715695346531759287284318328"
            },
            "elige representante de m\u00e1ster de la candidatura \"Candidatura de ejemplo\"": {
                "a": "97402864083497930292966089692801601291707502724585941383061502785283080793002",
                "b": "80182223392524104726389895806133268653294523233318815392391029283168911638447"
            },
            "elige representante de delegado de centro de la candidatura \"Candidatura de ejemplo\"": {
                "a": "83877042342990603724375243556342379765465007508869456676852801186168852601748",
                "b": "29557383040666621343143057469465308479200065434886577995864356138533535028273"
            }
        },
        "voted": "2021-01-15T10:40:24.759Z"
    }
},
{
    "model": "store.vote",
    "pk": 10,
    "fields": {
        "voting_id": 1,
        "voter_id": 4,
        "data": {
            "age": {
                "a": "94279142457905506510947046418819568417522948754578121956216163416391625146864",
                "b": "84580042984702297528548116071429773898739437399348604790141645293274000148990"
            },
            "sex": {
                "a": "49154914806265670465331709450349310227092205332032204734107139951836718205649",
                "b": "9583256938531018398553881399699879336906438768661620120690731928425959908935"
            },
            "year": {
                "a": "48399317736118228044618160205296802301988153066591544637063805042397659001028",
                "b": "34132782702165208994375262467003480545224220265586465061387878965547714008512"
            },
            "grade": {
                "a": "103064632286299899640944507424540490284298839957810307170499553483014507933924",
                "b": "2366548149333630474416762284176664912103363827168666425233640098439076782232"
            },
            "elige representante de tercero de la candidatura \"Candidatura de ejemplo\"": {
                "a": "460551026156711453083509711460510128256769705786726745075897271546310460028",
                "b": "60159517094081173349272894650609929255228445894137087120187431514028637575537"
            },
            "elige representante de delegado de centro de la candidatura \"Candidatura de ejemplo\"": {
                "a": "31435577045884207300012337958134919573952567824495165709291268243463762440439",
                "b": "64548361223133899156237546100672028135408621665832866180522913730225222113750"
            }
        },
        "voted": "2021-01-15T10:40:51.487Z"
    }
},
{
    "model": "store.vote",
    "pk": 11,
    "fields": {
        "voting_id": 2,
        "voter_id": 7,
        "data": {
            "age": {
                "a": "97151924474723127066929504332542713103371432879503442433392920773488788571519",
                "b": "50786246474482794564832489875540916337603420411572165620646103131657000844415"
            },
            "sex": {
                "a": "85905892212979818674236395907859097492111653176942304869524005958577920797645",
                "b": "55978652125282172285218877176849675152665951543502028998806242721171705867247"
            },
            "year": {
                "a": "85784179307222646380889489508607540038351904982412549388509975075786640066263",
                "b": "18850307403316244085399186339674425647762146149202455251628801870533853624922"
            },
            "grade": {
                "a": "35970729145063804206691547751162352451729829086532193197889535362648828410856",
                "b": "1604887227475036491812458767342484709933137171951342783807515978818506754201"
            },
            "Votaci\u00f3n general 1: Elige al delegado al centro": {
                "a": "75680691759757444168940995180652840455320260108852316127362821163676909339238",
                "b": "101413939974625063685514177714398154956433838940007577440821446437129544031983"
            },
            "Votaci\u00f3n general 1: Elige al delegado de primero": {
                "a": "58118505985061759776513879639501392516259627913159269091826300606198631414089",
                "b": "74540313777345426652066497632663835804249555514972432832515422570399956936298"
            },
            "Votaci\u00f3n general 1: Elige a los miembros de delegaci\u00f3n de alumnos": [
                {
                    "a": "7888330914825764740221538232646342982830244352067778998082164809497721258133",
                    "b": "30852168509524633689495821850682664548850098722579440758680174300637131435184"
                },
                {
                    "a": "76941805272331000736142861890672434958288562307524279340754351563623351981754",
                    "b": "6233494452542998431151443631469377150674137661152581818918089798317706307156"
                }
            ]
        },
        "voted": "2021-01-16T11:19:16.594Z"
    }
},
{
    "model": "store.vote",
    "pk": 12,
    "fields": {
        "voting_id": 2,
        "voter_id": 8,
        "data": {
            "age": {
                "a": "93246762963057329890127495315766034614092461270991603642828733397844108070332",
                "b": "57619630483213756305774082944668909944427182902327237328716397944026335708191"
            },
            "sex": {
                "a": "83568883782815224908265751336667336316560894980756750313336581853109451117170",
                "b": "98682989299930255489898249570626020252806480426399287898258953703222587495079"
            },
            "year": {
                "a": "25469557094481460702175076075858427595483339218567161060344032067472103441817",
                "b": "31127154188192156861024376460784317679011409619912770044845565970408877153285"
            },
            "grade": {
                "a": "69286210507247562711836360698579360008114703873682910138891433676867732587982",
                "b": "91038009423199278646929613888225315618689317075586543224073064098006921640472"
            },
            "Votaci\u00f3n general 1: Elige al delegado al centro": {
                "a": "48356416215946637352160131507281949993059996580046514216307125604298132423515",
                "b": "42426039991815492519631169190324561884110551628562118432432835289872911646012"
            },
            "Votaci\u00f3n general 1: Elige al delegado de segundo": {
                "a": "22351499796974643362860475943781598882710170499593011903219024617916226795466",
                "b": "46068273601508181664675163587949428799827544799131337800184469737031719981343"
            },
            "Votaci\u00f3n general 1: Elige a los miembros de delegaci\u00f3n de alumnos": [
                {
                    "a": "91322129769837922176898056492059436053619161041475097236565335939856387014962",
                    "b": "60649051235191318955095700482982288006214349447739537395362957129809513167047"
                },
                {
                    "a": "16528169299673890037066959791038020609159031529434503485367609335357505282142",
                    "b": "67599406151299670602650427843504810545158349447360759646040351614339301095392"
                },
                {
                    "a": "74121653362142317599299025847098362328219304533773164096093832476865291759472",
                    "b": "70312363117692069862554151377312989215415549614545986878820211633253446082396"
                }
            ]
        },
        "voted": "2021-01-16T11:19:44.099Z"
    }
},
{
    "model": "store.vote",
    "pk": 13,
    "fields": {
        "voting_id": 2,
        "voter_id": 9,
        "data": {
            "age": {
                "a": "34211764484872067598040558374825595951757314210857032630377116002703342245396",
                "b": "27352009878956755316920074998417122257347872302962495589708417760826136713569"
            },
            "sex": {
                "a": "37619049423514908903637981586575010301937226724401509535824803838471143825537",
                "b": "49061210489636369735042106134258358035125702791538242312518527653080668667895"
            },
            "year": {
                "a": "91048298231825218619088174831700681896151087624337673923297145682862954609843",
                "b": "52492642047518767637554597584292632039107551868718678189809594748613461979445"
            },
            "grade": {
                "a": "79495101866995853210395623636888940343020599006294252775562178216546276691987",
                "b": "38478611532724066764697663695355956381434528997630015845592633995668785909705"
            },
            "Votaci\u00f3n general 1: Elige al delegado al centro": {
                "a": "13474010262662614692777535609725746299251265267211324678883564837914443043044",
                "b": "28486468567158412722018560646292598829781011917831771959740230895100638737374"
            },
            "Votaci\u00f3n general 1: Elige al delegado de tercero": {
                "a": "86019059504150958494566883615891748402689006459110068461953554142341258413034",
                "b": "91552760756057798390312754124993297625504681949321293464130655079658156869999"
            },
            "Votaci\u00f3n general 1: Elige a los miembros de delegaci\u00f3n de alumnos": [
                {
                    "a": "63657496457405722959514825741418397807428533434353286860098743447455021915097",
                    "b": "33765791322259559972821177346060219619363059914425622029101469003569069154724"
                },
                {
                    "a": "4414856775087007163111939105737720592514885913207496975629514153899491988819",
                    "b": "101752199866616683345747732948550245612051868510411299033090139350537119267467"
                }
            ]
        },
        "voted": "2021-01-16T11:20:08.546Z"
    }
},
{
    "model": "store.vote",
    "pk": 14,
    "fields": {
        "voting_id": 2,
        "voter_id": 10,
        "data": {
            "age": {
                "a": "66591661760769840527962782896558839773750589004555439648716273328886335286340",
                "b": "20433765520358895048341838857782620544773035768495829535901926060926369580700"
            },
            "sex": {
                "a": "54379460790299981475822576747052606089917751533584554328328127339303133951730",
                "b": "67873658048333291769071630476635768108702108583380646206152727994485853013257"
            },
            "year": {
                "a": "2291007770377621944242064589678354862501609463340465463390775105244115159469",
                "b": "61668069220511653718124792595630056148868011493394640855938207035621925068853"
            },
            "grade": {
                "a": "71401262263435678957621426198208109653145117415696788185232970708864788745882",
                "b": "5446579156714041797842476273660538174384612537942263018264569721591338522418"
            },
            "Votaci\u00f3n general 1: Elige al delegado al centro": {
                "a": "81735486177901318561468683309283146307130197504581677400966544547673183113704",
                "b": "5466347320201971900122248021479090267610768809999288239749499206003387381074"
            },
            "Votaci\u00f3n general 1: Elige al delegado de cuarto": {
                "a": "5322025443706518651276675697394002744864921674331301290050499665284393504979",
                "b": "90121417301468493898535307590915207784849343168435597800432679438377324240698"
            },
            "Votaci\u00f3n general 1: Elige a los miembros de delegaci\u00f3n de alumnos": [
                {
                    "a": "73393488976496247555306461965945592023292369280443005349437760230996856308761",
                    "b": "89236882979777923172289761167180217774232406344116159927036823159438552297432"
                },
                {
                    "a": "25127876342808115104253534063967045190752333171743514497573771554468863103126",
                    "b": "51121767110096623505148115984837275892285118214313835262278205665193338468707"
                }
            ]
        },
        "voted": "2021-01-16T11:20:36.502Z"
    }
},
{
    "model": "store.vote",
    "pk": 15,
    "fields": {
        "voting_id": 2,
        "voter_id": 11,
        "data": {
            "age": {
                "a": "69371515858326125260429095652136789229103923679932652585387930737208968814052",
                "b": "12234572078966033196565322001223702418458933434106094617902677927343657850974"
            },
            "sex": {
                "a": "24655379503632547477920249609918187901746610636654702927990846319151314589712",
                "b": "42650507303504967396368988516043119487269443693869614867209588940822715168609"
            },
            "year": {
                "a": "38036148207857398219672444576745082746731971130903666103636763616393544091907",
                "b": "47435500291068042861755244578786248940565716355152186775138759201680628756327"
            },
            "grade": {
                "a": "49814796317380826209115010728686623033259285053594075849266843948749368070859",
                "b": "6495803237668341229734829605924008452409414612805289114292806723110398802304"
            },
            "Votaci\u00f3n general 1: Elige al delegado al centro": {
                "a": "92872076683172077182868543955101207091631805978452866132980382590277198925359",
                "b": "93989804242118086536909999215553318940568656284827215606741732874473194292281"
            },
            "Votaci\u00f3n general 1: Elige al delegado del master": {
                "a": "32102574028472524434643467803508829956043660254053492238942983426722469022343",
                "b": "74615756688358176001616924188989157479188889987057366133871983362086710501647"
            },
            "Votaci\u00f3n general 1: Elige a los miembros de delegaci\u00f3n de alumnos": [
                {
                    "a": "4802468018889485197149451064959996848440704064420809112262278371522736489601",
                    "b": "71648180205448535128226516351728955624654591419256373836727346340047865321766"
                }
            ]
        },
        "voted": "2021-01-16T11:21:10.057Z"
    }
},
{
    "model": "store.vote",
    "pk": 16,
    "fields": {
        "voting_id": 2,
        "voter_id": 2,
        "data": {
            "age": {
                "a": "43595071309989955104082066159063019880729891342490111868297879199319129980395",
                "b": "31748026432222881458598246374373712320983100680072359168610301978242481134879"
            },
            "sex": {
                "a": "98467593183625961649176139123750664004191699849329107196308680704875383186615",
                "b": "25693370752262628651138267115421384250643823468618555044402393984673746865379"
            },
            "year": {
                "a": "85164928879221559342392331860700961400354103046133446221933640217220724618144",
                "b": "75670520011645985106320838125551717608863827286072172754011118059099510787856"
            },
            "grade": {
                "a": "75318485576360881382439945322920298595364168612708414079534735423714378339970",
                "b": "89887450512547284526838648501298231279743470296938582959725115292895804672572"
            },
            "Votaci\u00f3n general 1: Elige al delegado al centro": {
                "a": "47297082660289844216082582002451101304118328372496820486231759580405566287400",
                "b": "50839960026143707591675443644846034028530194278195719201490380447645149220906"
            },
            "Votaci\u00f3n general 1: Elige al delegado de primero": {
                "a": "99602241500139009395822244768637769979600156708581014181609072248176665915456",
                "b": "58173688987647540624407507095831344391614522228935560381349520149654706748275"
            },
            "Votaci\u00f3n general 1: Elige a los miembros de delegaci\u00f3n de alumnos": [
                {
                    "a": "27917709717306531784574339737939393072508407381990324661940886540380426852096",
                    "b": "86640688387549203300776274161857865085331164580917305046911309153411350568659"
                },
                {
                    "a": "101451543600645052106421780622505683893986821513786650511245387830617699539153",
                    "b": "81912971214250186199953855644227627082641282624397261248522457947682475315500"
                }
            ]
        },
        "voted": "2021-01-16T11:21:39.385Z"
    }
},
{
    "model": "voting.question",
    "pk": 1,
    "fields": {
        "desc": "elige representante de primero de la candidatura \"Candidatura de ejemplo\""
    }
},
{
    "model": "voting.question",
    "pk": 2,
    "fields": {
        "desc": "elige representante de segundo de la candidatura \"Candidatura de ejemplo\""
    }
},
{
    "model": "voting.question",
    "pk": 3,
    "fields": {
        "desc": "elige representante de tercero de la candidatura \"Candidatura de ejemplo\""
    }
},
{
    "model": "voting.question",
    "pk": 4,
    "fields": {
        "desc": "elige representante de cuarto de la candidatura \"Candidatura de ejemplo\""
    }
},
{
    "model": "voting.question",
    "pk": 5,
    "fields": {
        "desc": "elige representante de m\u00e1ster de la candidatura \"Candidatura de ejemplo\""
    }
},
{
    "model": "voting.question",
    "pk": 6,
    "fields": {
        "desc": "elige representante de delegado de centro de la candidatura \"Candidatura de ejemplo\""
    }
},
{
    "model": "voting.question",
    "pk": 7,
    "fields": {
        "desc": "Votaci\u00f3n general 1: Elige al delegado de primero"
    }
},
{
    "model": "voting.question",
    "pk": 8,
    "fields": {
        "desc": "Votaci\u00f3n general 1: Elige al delegado de segundo"
    }
},
{
    "model": "voting.question",
    "pk": 9,
    "fields": {
        "desc": "Votaci\u00f3n general 1: Elige al delegado de tercero"
    }
},
{
    "model": "voting.question",
    "pk": 10,
    "fields": {
        "desc": "Votaci\u00f3n general 1: Elige al delegado de cuarto"
    }
},
{
    "model": "voting.question",
    "pk": 11,
    "fields": {
        "desc": "Votaci\u00f3n general 1: Elige al delegado del master"
    }
},
{
    "model": "voting.question",
    "pk": 12,
    "fields": {
        "desc": "Votaci\u00f3n general 1: Elige al delegado al centro"
    }
},
{
    "model": "voting.question",
    "pk": 13,
    "fields": {
        "desc": "Votaci\u00f3n general 1: Elige a los miembros de delegaci\u00f3n de alumnos"
    }
},
{
    "model": "voting.questionoption",
    "pk": 1,
    "fields": {
        "question": 1,
        "number": 1,
        "option": "Francisco P\u00e9rez / 2"
    }
},
{
    "model": "voting.questionoption",
    "pk": 2,
    "fields": {
        "question": 1,
        "number": 2,
        "option": "Angel Parrado / 7"
    }
},
{
    "model": "voting.questionoption",
    "pk": 3,
    "fields": {
        "question": 2,
        "number": 1,
        "option": "David Adri\u00e1n / 3"
    }
},
{
    "model": "voting.questionoption",
    "pk": 4,
    "fields": {
        "question": 2,
        "number": 2,
        "option": "Eva Zambrano / 8"
    }
},
{
    "model": "voting.questionoption",
    "pk": 5,
    "fields": {
        "question": 3,
        "number": 1,
        "option": "Maria Sales / 4"
    }
},
{
    "model": "voting.questionoption",
    "pk": 6,
    "fields": {
        "question": 3,
        "number": 2,
        "option": "Ana Fontan / 9"
    }
},
{
    "model": "voting.questionoption",
    "pk": 7,
    "fields": {
        "question": 4,
        "number": 1,
        "option": "Josefina Varas / 5"
    }
},
{
    "model": "voting.questionoption",
    "pk": 8,
    "fields": {
        "question": 4,
        "number": 2,
        "option": "Antonio Linares / 10"
    }
},
{
    "model": "voting.questionoption",
    "pk": 9,
    "fields": {
        "question": 5,
        "number": 1,
        "option": "Jose Luis Granados / 6"
    }
},
{
    "model": "voting.questionoption",
    "pk": 10,
    "fields": {
        "question": 5,
        "number": 2,
        "option": "Lorena Gabarri / 11"
    }
},
{
    "model": "voting.questionoption",
    "pk": 11,
    "fields": {
        "question": 6,
        "number": 1,
        "option": "Francisco P\u00e9rez / 2"
    }
},
{
    "model": "voting.questionoption",
    "pk": 12,
    "fields": {
        "question": 6,
        "number": 2,
        "option": "David Adri\u00e1n / 3"
    }
},
{
    "model": "voting.questionoption",
    "pk": 13,
    "fields": {
        "question": 6,
        "number": 3,
        "option": "Maria Sales / 4"
    }
},
{
    "model": "voting.questionoption",
    "pk": 14,
    "fields": {
        "question": 6,
        "number": 4,
        "option": "Josefina Varas / 5"
    }
},
{
    "model": "voting.questionoption",
    "pk": 15,
    "fields": {
        "question": 6,
        "number": 5,
        "option": "Jose Luis Granados / 6"
    }
},
{
    "model": "voting.questionoption",
    "pk": 16,
    "fields": {
        "question": 6,
        "number": 6,
        "option": "Angel Parrado / 7"
    }
},
{
    "model": "voting.questionoption",
    "pk": 17,
    "fields": {
        "question": 6,
        "number": 7,
        "option": "Eva Zambrano / 8"
    }
},
{
    "model": "voting.questionoption",
    "pk": 18,
    "fields": {
        "question": 6,
        "number": 8,
        "option": "Ana Fontan / 9"
    }
},
{
    "model": "voting.questionoption",
    "pk": 19,
    "fields": {
        "question": 6,
        "number": 9,
        "option": "Antonio Linares / 10"
    }
},
{
    "model": "voting.questionoption",
    "pk": 20,
    "fields": {
        "question": 6,
        "number": 10,
        "option": "Lorena Gabarri / 11"
    }
},
{
    "model": "voting.questionoption",
    "pk": 21,
    "fields": {
        "question": 7,
        "number": 1,
        "option": "Francisco P\u00e9rez / 2"
    }
},
{
    "model": "voting.questionoption",
    "pk": 22,
    "fields": {
        "question": 8,
        "number": 1,
        "option": "David Adri\u00e1n / 3"
    }
},
{
    "model": "voting.questionoption",
    "pk": 23,
    "fields": {
        "question": 9,
        "number": 1,
        "option": "Maria Sales / 4"
    }
},
{
    "model": "voting.questionoption",
    "pk": 24,
    "fields": {
        "question": 10,
        "number": 1,
        "option": "Josefina Varas / 5"
    }
},
{
    "model": "voting.questionoption",
    "pk": 25,
    "fields": {
        "question": 11,
        "number": 1,
        "option": "Jose Luis Granados / 6"
    }
},
{
    "model": "voting.questionoption",
    "pk": 26,
    "fields": {
        "question": 12,
        "number": 1,
        "option": "Francisco P\u00e9rez / 2"
    }
},
{
    "model": "voting.questionoption",
    "pk": 27,
    "fields": {
        "question": 13,
        "number": 1,
        "option": "Angel Parrado / 7"
    }
},
{
    "model": "voting.questionoption",
    "pk": 28,
    "fields": {
        "question": 13,
        "number": 2,
        "option": "Eva Zambrano / 8"
    }
},
{
    "model": "voting.questionoption",
    "pk": 29,
    "fields": {
        "question": 13,
        "number": 3,
        "option": "Ana Fontan / 9"
    }
},
{
    "model": "voting.questionoption",
    "pk": 30,
    "fields": {
        "question": 13,
        "number": 4,
        "option": "Antonio Linares / 10"
    }
},
{
    "model": "voting.questionoption",
    "pk": 31,
    "fields": {
        "question": 13,
        "number": 5,
        "option": "Lorena Gabarri / 11"
    }
},
{
    "model": "voting.voting",
    "pk": 1,
    "fields": {
        "name": "Votaciones de la candidatura \"Candidatura de ejemplo\"",
        "desc": "Elige a los representantes de tu candidatura.",
        "start_date": "2021-01-15T10:35:32.167Z",
        "end_date": "2021-01-15T10:42:30.983Z",
        "tipo": "PV",
        "candiancy": 1,
        "pub_key": 3,
        "tally": [
            {
                "age": 20,
                "sex": "Woman",
                "year": "Third",
                "grade": "Software",
                "elige representante de tercero de la candidatura \"Candidatura de ejemplo\"": 1,
                "elige representante de delegado de centro de la candidatura \"Candidatura de ejemplo\"": 1
            },
            {
                "age": 18,
                "sex": "Man",
                "year": "First",
                "grade": "Software",
                "elige representante de primero de la candidatura \"Candidatura de ejemplo\"": 2,
                "elige representante de delegado de centro de la candidatura \"Candidatura de ejemplo\"": 1
            },
            {
                "age": 21,
                "sex": "Man",
                "year": "Fourth",
                "grade": "Software",
                "elige representante de cuarto de la candidatura \"Candidatura de ejemplo\"": 2,
                "elige representante de delegado de centro de la candidatura \"Candidatura de ejemplo\"": 1
            },
            {
                "age": 19,
                "sex": "Man",
                "year": "Second",
                "grade": "Software",
                "elige representante de segundo de la candidatura \"Candidatura de ejemplo\"": 2,
                "elige representante de delegado de centro de la candidatura \"Candidatura de ejemplo\"": 2
            },
            {
                "age": 19,
                "sex": "Woman",
                "year": "Second",
                "grade": "Software",
                "elige representante de segundo de la candidatura \"Candidatura de ejemplo\"": 2,
                "elige representante de delegado de centro de la candidatura \"Candidatura de ejemplo\"": 2
            },
            {
                "age": 18,
                "sex": "Man",
                "year": "First",
                "grade": "Software",
                "elige representante de primero de la candidatura \"Candidatura de ejemplo\"": 2,
                "elige representante de delegado de centro de la candidatura \"Candidatura de ejemplo\"": 1
            },
            {
                "age": 22,
                "sex": "Man",
                "year": "Master",
                "grade": "Software",
                "elige representante de m\u00e1ster de la candidatura \"Candidatura de ejemplo\"": 2,
                "elige representante de delegado de centro de la candidatura \"Candidatura de ejemplo\"": 2
            },
            {
                "age": 21,
                "sex": "Woman",
                "year": "Fourth",
                "grade": "Software",
                "elige representante de cuarto de la candidatura \"Candidatura de ejemplo\"": 2,
                "elige representante de delegado de centro de la candidatura \"Candidatura de ejemplo\"": 3
            },
            {
                "age": 22,
                "sex": "Woman",
                "year": "Master",
                "grade": "Software",
                "elige representante de m\u00e1ster de la candidatura \"Candidatura de ejemplo\"": 1,
                "elige representante de delegado de centro de la candidatura \"Candidatura de ejemplo\"": 4
            },
            {
                "age": 20,
                "sex": "Woman",
                "year": "Third",
                "grade": "Software",
                "elige representante de tercero de la candidatura \"Candidatura de ejemplo\"": 2,
                "elige representante de delegado de centro de la candidatura \"Candidatura de ejemplo\"": 5
            }
        ],
        "postproc": {
            "id": 1,
            "desc": "Elige a los representantes de tu candidatura.",
            "tipo": "PV",
            "type": "IDENTITY",
            "titulo": "Votaciones de la candidatura \"Candidatura de ejemplo\"",
            "fecha_fin": "2021-01-15 10:42:30.983619+00:00",
            "preguntas": [
                {
                    "opts": [
                        {
                            "votes": 4,
                            "nombre": "Francisco P\u00e9rez / 2",
                            "numero": 1,
                            "voto_F": 1,
                            "voto_M": 3,
                            "media_edad": 19.25,
                            "voto_curso": {
                                "cuarto": 1,
                                "master": 0,
                                "primero": 2,
                                "segundo": 0,
                                "tercero": 1
                            },
                            "estadisticas": {
                                "votos_f": 25.0,
                                "votos_m": 75.0,
                                "votos_censo": 40.0,
                                "votos_cuarto": 25.0,
                                "votos_master": 0.0,
                                "votos_primero": 50.0,
                                "votos_segundo": 0.0,
                                "votos_tercero": 25.0
                            }
                        },
                        {
                            "votes": 3,
                            "nombre": "David Adri\u00e1n / 3",
                            "numero": 2,
                            "voto_F": 1,
                            "voto_M": 2,
                            "media_edad": 20.0,
                            "voto_curso": {
                                "cuarto": 0,
                                "master": 1,
                                "primero": 0,
                                "segundo": 2,
                                "tercero": 0
                            },
                            "estadisticas": {
                                "votos_f": 33.33,
                                "votos_m": 66.67,
                                "votos_censo": 30.0,
                                "votos_cuarto": 0.0,
                                "votos_master": 33.33,
                                "votos_primero": 0.0,
                                "votos_segundo": 66.67,
                                "votos_tercero": 0.0
                            }
                        },
                        {
                            "votes": 1,
                            "nombre": "Maria Sales / 4",
                            "numero": 3,
                            "voto_F": 1,
                            "voto_M": 0,
                            "media_edad": 21.0,
                            "voto_curso": {
                                "cuarto": 1,
                                "master": 0,
                                "primero": 0,
                                "segundo": 0,
                                "tercero": 0
                            },
                            "estadisticas": {
                                "votos_f": 100.0,
                                "votos_m": 0.0,
                                "votos_censo": 10.0,
                                "votos_cuarto": 100.0,
                                "votos_master": 0.0,
                                "votos_primero": 0.0,
                                "votos_segundo": 0.0,
                                "votos_tercero": 0.0
                            }
                        },
                        {
                            "votes": 1,
                            "nombre": "Josefina Varas / 5",
                            "numero": 4,
                            "voto_F": 1,
                            "voto_M": 0,
                            "media_edad": 22.0,
                            "voto_curso": {
                                "cuarto": 0,
                                "master": 1,
                                "primero": 0,
                                "segundo": 0,
                                "tercero": 0
                            },
                            "estadisticas": {
                                "votos_f": 100.0,
                                "votos_m": 0.0,
                                "votos_censo": 10.0,
                                "votos_cuarto": 0.0,
                                "votos_master": 100.0,
                                "votos_primero": 0.0,
                                "votos_segundo": 0.0,
                                "votos_tercero": 0.0
                            }
                        },
                        {
                            "votes": 1,
                            "nombre": "Jose Luis Granados / 6",
                            "numero": 5,
                            "voto_F": 1,
                            "voto_M": 0,
                            "media_edad": 20.0,
                            "voto_curso": {
                                "cuarto": 0,
                                "master": 0,
                                "primero": 0,
                                "segundo": 0,
                                "tercero": 1
                            },
                            "estadisticas": {
                                "votos_f": 100.0,
                                "votos_m": 0.0,
                                "votos_censo": 10.0,
                                "votos_cuarto": 0.0,
                                "votos_master": 0.0,
                                "votos_primero": 0.0,
                                "votos_segundo": 0.0,
                                "votos_tercero": 100.0
                            }
                        },
                        {
                            "votes": 0,
                            "nombre": "Angel Parrado / 7",
                            "numero": 6,
                            "voto_F": 0,
                            "voto_M": 0,
                            "media_edad": 0.0,
                            "voto_curso": {
                                "cuarto": 0,
                                "master": 0,
                                "primero": 0,
                                "segundo": 0,
                                "tercero": 0
                            },
                            "estadisticas": {
                                "votos_f": 0,
                                "votos_m": 0,
                                "votos_censo": 0.0,
                                "votos_cuarto": 0,
                                "votos_master": 0,
                                "votos_primero": 0,
                                "votos_segundo": 0,
                                "votos_tercero": 0
                            }
                        },
                        {
                            "votes": 0,
                            "nombre": "Eva Zambrano / 8",
                            "numero": 7,
                            "voto_F": 0,
                            "voto_M": 0,
                            "media_edad": 0.0,
                            "voto_curso": {
                                "cuarto": 0,
                                "master": 0,
                                "primero": 0,
                                "segundo": 0,
                                "tercero": 0
                            },
                            "estadisticas": {
                                "votos_f": 0,
                                "votos_m": 0,
                                "votos_censo": 0.0,
                                "votos_cuarto": 0,
                                "votos_master": 0,
                                "votos_primero": 0,
                                "votos_segundo": 0,
                                "votos_tercero": 0
                            }
                        },
                        {
                            "votes": 0,
                            "nombre": "Ana Fontan / 9",
                            "numero": 8,
                            "voto_F": 0,
                            "voto_M": 0,
                            "media_edad": 0.0,
                            "voto_curso": {
                                "cuarto": 0,
                                "master": 0,
                                "primero": 0,
                                "segundo": 0,
                                "tercero": 0
                            },
                            "estadisticas": {
                                "votos_f": 0,
                                "votos_m": 0,
                                "votos_censo": 0.0,
                                "votos_cuarto": 0,
                                "votos_master": 0,
                                "votos_primero": 0,
                                "votos_segundo": 0,
                                "votos_tercero": 0
                            }
                        },
                        {
                            "votes": 0,
                            "nombre": "Antonio Linares / 10",
                            "numero": 9,
                            "voto_F": 0,
                            "voto_M": 0,
                            "media_edad": 0.0,
                            "voto_curso": {
                                "cuarto": 0,
                                "master": 0,
                                "primero": 0,
                                "segundo": 0,
                                "tercero": 0
                            },
                            "estadisticas": {
                                "votos_f": 0,
                                "votos_m": 0,
                                "votos_censo": 0.0,
                                "votos_cuarto": 0,
                                "votos_master": 0,
                                "votos_primero": 0,
                                "votos_segundo": 0,
                                "votos_tercero": 0
                            }
                        },
                        {
                            "votes": 0,
                            "nombre": "Lorena Gabarri / 11",
                            "numero": 10,
                            "voto_F": 0,
                            "voto_M": 0,
                            "media_edad": 0.0,
                            "voto_curso": {
                                "cuarto": 0,
                                "master": 0,
                                "primero": 0,
                                "segundo": 0,
                                "tercero": 0
                            },
                            "estadisticas": {
                                "votos_f": 0,
                                "votos_m": 0,
                                "votos_censo": 0.0,
                                "votos_cuarto": 0,
                                "votos_master": 0,
                                "votos_primero": 0,
                                "votos_segundo": 0,
                                "votos_tercero": 0
                            }
                        }
                    ],
                    "titulo": "elige representante de delegado de centro de la candidatura \"Candidatura de ejemplo\"",
                    "indice_preg": 0,
                    "numero_candidatos": 10
                },
                {
                    "opts": [
                        {
                            "votes": 2,
                            "nombre": "Angel Parrado / 7",
                            "numero": 2,
                            "voto_F": 0,
                            "voto_M": 2,
                            "media_edad": 18.0,
                            "estadisticas": {
                                "votos_f": 0.0,
                                "votos_m": 100.0,
                                "votos_censo": 100.0
                            }
                        },
                        {
                            "votes": 0,
                            "nombre": "Francisco P\u00e9rez / 2",
                            "numero": 1,
                            "voto_F": 0,
                            "voto_M": 0,
                            "media_edad": 0.0,
                            "estadisticas": {
                                "votos_f": 0,
                                "votos_m": 0,
                                "votos_censo": 0.0
                            }
                        }
                    ],
                    "titulo": "elige representante de primero de la candidatura \"Candidatura de ejemplo\"",
                    "n_votantes": 2,
                    "indice_preg": 1,
                    "n_votantes_f": 2,
                    "n_votantes_m": 2,
                    "n_hombres_censo": 2,
                    "n_mujeres_censo": 0,
                    "n_personas_censo": 2,
                    "numero_candidatos": 2,
                    "media_edad_votantes": 18.0
                },
                {
                    "opts": [
                        {
                            "votes": 2,
                            "nombre": "Eva Zambrano / 8",
                            "numero": 2,
                            "voto_F": 1,
                            "voto_M": 1,
                            "media_edad": 19.0,
                            "estadisticas": {
                                "votos_f": 50.0,
                                "votos_m": 50.0,
                                "votos_censo": 100.0
                            }
                        },
                        {
                            "votes": 0,
                            "nombre": "David Adri\u00e1n / 3",
                            "numero": 1,
                            "voto_F": 0,
                            "voto_M": 0,
                            "media_edad": 0.0,
                            "estadisticas": {
                                "votos_f": 0,
                                "votos_m": 0,
                                "votos_censo": 0.0
                            }
                        }
                    ],
                    "titulo": "elige representante de segundo de la candidatura \"Candidatura de ejemplo\"",
                    "n_votantes": 2,
                    "indice_preg": 2,
                    "n_votantes_f": 1,
                    "n_votantes_m": 1,
                    "n_hombres_censo": 1,
                    "n_mujeres_censo": 1,
                    "n_personas_censo": 2,
                    "numero_candidatos": 2,
                    "media_edad_votantes": 19.0
                },
                {
                    "opts": [
                        {
                            "votes": 1,
                            "nombre": "Maria Sales / 4",
                            "numero": 1,
                            "voto_F": 1,
                            "voto_M": 0,
                            "media_edad": 20.0,
                            "estadisticas": {
                                "votos_f": 100.0,
                                "votos_m": 0.0,
                                "votos_censo": 50.0
                            }
                        },
                        {
                            "votes": 1,
                            "nombre": "Ana Fontan / 9",
                            "numero": 2,
                            "voto_F": 1,
                            "voto_M": 0,
                            "media_edad": 20.0,
                            "estadisticas": {
                                "votos_f": 100.0,
                                "votos_m": 0.0,
                                "votos_censo": 50.0
                            }
                        }
                    ],
                    "titulo": "elige representante de tercero de la candidatura \"Candidatura de ejemplo\"",
                    "n_votantes": 2,
                    "indice_preg": 3,
                    "n_votantes_f": 0,
                    "n_votantes_m": 0,
                    "n_hombres_censo": 0,
                    "n_mujeres_censo": 2,
                    "n_personas_censo": 2,
                    "numero_candidatos": 2,
                    "media_edad_votantes": 20.0
                },
                {
                    "opts": [
                        {
                            "votes": 2,
                            "nombre": "Antonio Linares / 10",
                            "numero": 2,
                            "voto_F": 1,
                            "voto_M": 1,
                            "media_edad": 21.0,
                            "estadisticas": {
                                "votos_f": 50.0,
                                "votos_m": 50.0,
                                "votos_censo": 100.0
                            }
                        },
                        {
                            "votes": 0,
                            "nombre": "Josefina Varas / 5",
                            "numero": 1,
                            "voto_F": 0,
                            "voto_M": 0,
                            "media_edad": 0.0,
                            "estadisticas": {
                                "votos_f": 0,
                                "votos_m": 0,
                                "votos_censo": 0.0
                            }
                        }
                    ],
                    "titulo": "elige representante de cuarto de la candidatura \"Candidatura de ejemplo\"",
                    "n_votantes": 2,
                    "indice_preg": 4,
                    "n_votantes_f": 1,
                    "n_votantes_m": 1,
                    "n_hombres_censo": 1,
                    "n_mujeres_censo": 1,
                    "n_personas_censo": 2,
                    "numero_candidatos": 2,
                    "media_edad_votantes": 21.0
                },
                {
                    "opts": [
                        {
                            "votes": 1,
                            "nombre": "Jose Luis Granados / 6",
                            "numero": 1,
                            "voto_F": 1,
                            "voto_M": 0,
                            "media_edad": 22.0,
                            "estadisticas": {
                                "votos_f": 100.0,
                                "votos_m": 0.0,
                                "votos_censo": 50.0
                            }
                        },
                        {
                            "votes": 1,
                            "nombre": "Lorena Gabarri / 11",
                            "numero": 2,
                            "voto_F": 0,
                            "voto_M": 1,
                            "media_edad": 22.0,
                            "estadisticas": {
                                "votos_f": 0.0,
                                "votos_m": 100.0,
                                "votos_censo": 50.0
                            }
                        }
                    ],
                    "titulo": "elige representante de m\u00e1ster de la candidatura \"Candidatura de ejemplo\"",
                    "n_votantes": 2,
                    "indice_preg": 5,
                    "n_votantes_f": 1,
                    "n_votantes_m": 1,
                    "n_hombres_censo": 1,
                    "n_mujeres_censo": 1,
                    "n_personas_censo": 2,
                    "numero_candidatos": 2,
                    "media_edad_votantes": 22.0
                }
            ],
            "n_votantes": 10,
            "estadisticas": {
                "abstencion": {
                    "_0": 0.0,
                    "_1": 0.0,
                    "_2": 0.0,
                    "_3": 0.0,
                    "_4": 0.0,
                    "_5": 0.0
                },
                "media_edad": {
                    "_0": 20.0,
                    "_1": 18.0,
                    "_2": 19.0,
                    "_3": 20.0,
                    "_4": 21.0,
                    "_5": 22.0
                },
                "abstencion_f": {
                    "_0": 0.0,
                    "_1": 0,
                    "_2": 0.0,
                    "_3": 100.0,
                    "_4": 0.0,
                    "_5": 0.0
                },
                "abstencion_m": {
                    "_0": 0.0,
                    "_1": 0.0,
                    "_2": 0.0,
                    "_3": 0,
                    "_4": 0.0,
                    "_5": 0.0
                }
            },
            "fecha_inicio": "2021-01-15 10:35:32.167447+00:00",
            "n_votantes_f": 5,
            "n_votantes_m": 5,
            "n_hombres_censo": 5,
            "n_mujeres_censo": 5,
            "n_personas_censo": 10,
            "media_edad_votantes": 20.0
        },
        "question": [
            1,
            2,
            3,
            4,
            5,
            6
        ],
        "auths": [
            1
        ]
    }
},
{
    "model": "voting.voting",
    "pk": 2,
    "fields": {
        "name": "Votaci\u00f3n general 1",
        "desc": "Elige a los representantes de tu centro",
        "start_date": "2021-01-16T11:17:20.817Z",
        "end_date": null,
        "tipo": "GV",
        "candiancy": null,
        "pub_key": 6,
        "tally": null,
        "postproc": null,
        "question": [
            7,
            8,
            9,
            10,
            11,
            12,
            13
        ],
        "auths": [
            1,
            2
        ]
    }
},
{
    "model": "auth.permission",
    "pk": 1,
    "fields": {
        "name": "Can add log entry",
        "content_type": 1,
        "codename": "add_logentry"
    }
},
{
    "model": "auth.permission",
    "pk": 2,
    "fields": {
        "name": "Can change log entry",
        "content_type": 1,
        "codename": "change_logentry"
    }
},
{
    "model": "auth.permission",
    "pk": 3,
    "fields": {
        "name": "Can delete log entry",
        "content_type": 1,
        "codename": "delete_logentry"
    }
},
{
    "model": "auth.permission",
    "pk": 4,
    "fields": {
        "name": "Can add permission",
        "content_type": 2,
        "codename": "add_permission"
    }
},
{
    "model": "auth.permission",
    "pk": 5,
    "fields": {
        "name": "Can change permission",
        "content_type": 2,
        "codename": "change_permission"
    }
},
{
    "model": "auth.permission",
    "pk": 6,
    "fields": {
        "name": "Can delete permission",
        "content_type": 2,
        "codename": "delete_permission"
    }
},
{
    "model": "auth.permission",
    "pk": 7,
    "fields": {
        "name": "Can add group",
        "content_type": 3,
        "codename": "add_group"
    }
},
{
    "model": "auth.permission",
    "pk": 8,
    "fields": {
        "name": "Can change group",
        "content_type": 3,
        "codename": "change_group"
    }
},
{
    "model": "auth.permission",
    "pk": 9,
    "fields": {
        "name": "Can delete group",
        "content_type": 3,
        "codename": "delete_group"
    }
},
{
    "model": "auth.permission",
    "pk": 10,
    "fields": {
        "name": "Can add user",
        "content_type": 4,
        "codename": "add_user"
    }
},
{
    "model": "auth.permission",
    "pk": 11,
    "fields": {
        "name": "Can change user",
        "content_type": 4,
        "codename": "change_user"
    }
},
{
    "model": "auth.permission",
    "pk": 12,
    "fields": {
        "name": "Can delete user",
        "content_type": 4,
        "codename": "delete_user"
    }
},
{
    "model": "auth.permission",
    "pk": 13,
    "fields": {
        "name": "Can add content type",
        "content_type": 5,
        "codename": "add_contenttype"
    }
},
{
    "model": "auth.permission",
    "pk": 14,
    "fields": {
        "name": "Can change content type",
        "content_type": 5,
        "codename": "change_contenttype"
    }
},
{
    "model": "auth.permission",
    "pk": 15,
    "fields": {
        "name": "Can delete content type",
        "content_type": 5,
        "codename": "delete_contenttype"
    }
},
{
    "model": "auth.permission",
    "pk": 16,
    "fields": {
        "name": "Can add session",
        "content_type": 6,
        "codename": "add_session"
    }
},
{
    "model": "auth.permission",
    "pk": 17,
    "fields": {
        "name": "Can change session",
        "content_type": 6,
        "codename": "change_session"
    }
},
{
    "model": "auth.permission",
    "pk": 18,
    "fields": {
        "name": "Can delete session",
        "content_type": 6,
        "codename": "delete_session"
    }
},
{
    "model": "auth.permission",
    "pk": 19,
    "fields": {
        "name": "Can add site",
        "content_type": 7,
        "codename": "add_site"
    }
},
{
    "model": "auth.permission",
    "pk": 20,
    "fields": {
        "name": "Can change site",
        "content_type": 7,
        "codename": "change_site"
    }
},
{
    "model": "auth.permission",
    "pk": 21,
    "fields": {
        "name": "Can delete site",
        "content_type": 7,
        "codename": "delete_site"
    }
},
{
    "model": "auth.permission",
    "pk": 22,
    "fields": {
        "name": "Can add Token",
        "content_type": 8,
        "codename": "add_token"
    }
},
{
    "model": "auth.permission",
    "pk": 23,
    "fields": {
        "name": "Can change Token",
        "content_type": 8,
        "codename": "change_token"
    }
},
{
    "model": "auth.permission",
    "pk": 24,
    "fields": {
        "name": "Can delete Token",
        "content_type": 8,
        "codename": "delete_token"
    }
},
{
    "model": "auth.permission",
    "pk": 25,
    "fields": {
        "name": "Can add email address",
        "content_type": 9,
        "codename": "add_emailaddress"
    }
},
{
    "model": "auth.permission",
    "pk": 26,
    "fields": {
        "name": "Can change email address",
        "content_type": 9,
        "codename": "change_emailaddress"
    }
},
{
    "model": "auth.permission",
    "pk": 27,
    "fields": {
        "name": "Can delete email address",
        "content_type": 9,
        "codename": "delete_emailaddress"
    }
},
{
    "model": "auth.permission",
    "pk": 28,
    "fields": {
        "name": "Can add email confirmation",
        "content_type": 10,
        "codename": "add_emailconfirmation"
    }
},
{
    "model": "auth.permission",
    "pk": 29,
    "fields": {
        "name": "Can change email confirmation",
        "content_type": 10,
        "codename": "change_emailconfirmation"
    }
},
{
    "model": "auth.permission",
    "pk": 30,
    "fields": {
        "name": "Can delete email confirmation",
        "content_type": 10,
        "codename": "delete_emailconfirmation"
    }
},
{
    "model": "auth.permission",
    "pk": 31,
    "fields": {
        "name": "Can add social application",
        "content_type": 11,
        "codename": "add_socialapp"
    }
},
{
    "model": "auth.permission",
    "pk": 32,
    "fields": {
        "name": "Can change social application",
        "content_type": 11,
        "codename": "change_socialapp"
    }
},
{
    "model": "auth.permission",
    "pk": 33,
    "fields": {
        "name": "Can delete social application",
        "content_type": 11,
        "codename": "delete_socialapp"
    }
},
{
    "model": "auth.permission",
    "pk": 34,
    "fields": {
        "name": "Can add social account",
        "content_type": 12,
        "codename": "add_socialaccount"
    }
},
{
    "model": "auth.permission",
    "pk": 35,
    "fields": {
        "name": "Can change social account",
        "content_type": 12,
        "codename": "change_socialaccount"
    }
},
{
    "model": "auth.permission",
    "pk": 36,
    "fields": {
        "name": "Can delete social account",
        "content_type": 12,
        "codename": "delete_socialaccount"
    }
},
{
    "model": "auth.permission",
    "pk": 37,
    "fields": {
        "name": "Can add social application token",
        "content_type": 13,
        "codename": "add_socialtoken"
    }
},
{
    "model": "auth.permission",
    "pk": 38,
    "fields": {
        "name": "Can change social application token",
        "content_type": 13,
        "codename": "change_socialtoken"
    }
},
{
    "model": "auth.permission",
    "pk": 39,
    "fields": {
        "name": "Can delete social application token",
        "content_type": 13,
        "codename": "delete_socialtoken"
    }
},
{
    "model": "auth.permission",
    "pk": 40,
    "fields": {
        "name": "Can add user social auth",
        "content_type": 14,
        "codename": "add_usersocialauth"
    }
},
{
    "model": "auth.permission",
    "pk": 41,
    "fields": {
        "name": "Can change user social auth",
        "content_type": 14,
        "codename": "change_usersocialauth"
    }
},
{
    "model": "auth.permission",
    "pk": 42,
    "fields": {
        "name": "Can delete user social auth",
        "content_type": 14,
        "codename": "delete_usersocialauth"
    }
},
{
    "model": "auth.permission",
    "pk": 43,
    "fields": {
        "name": "Can add nonce",
        "content_type": 15,
        "codename": "add_nonce"
    }
},
{
    "model": "auth.permission",
    "pk": 44,
    "fields": {
        "name": "Can change nonce",
        "content_type": 15,
        "codename": "change_nonce"
    }
},
{
    "model": "auth.permission",
    "pk": 45,
    "fields": {
        "name": "Can delete nonce",
        "content_type": 15,
        "codename": "delete_nonce"
    }
},
{
    "model": "auth.permission",
    "pk": 46,
    "fields": {
        "name": "Can add association",
        "content_type": 16,
        "codename": "add_association"
    }
},
{
    "model": "auth.permission",
    "pk": 47,
    "fields": {
        "name": "Can change association",
        "content_type": 16,
        "codename": "change_association"
    }
},
{
    "model": "auth.permission",
    "pk": 48,
    "fields": {
        "name": "Can delete association",
        "content_type": 16,
        "codename": "delete_association"
    }
},
{
    "model": "auth.permission",
    "pk": 49,
    "fields": {
        "name": "Can add code",
        "content_type": 17,
        "codename": "add_code"
    }
},
{
    "model": "auth.permission",
    "pk": 50,
    "fields": {
        "name": "Can change code",
        "content_type": 17,
        "codename": "change_code"
    }
},
{
    "model": "auth.permission",
    "pk": 51,
    "fields": {
        "name": "Can delete code",
        "content_type": 17,
        "codename": "delete_code"
    }
},
{
    "model": "auth.permission",
    "pk": 52,
    "fields": {
        "name": "Can add partial",
        "content_type": 18,
        "codename": "add_partial"
    }
},
{
    "model": "auth.permission",
    "pk": 53,
    "fields": {
        "name": "Can change partial",
        "content_type": 18,
        "codename": "change_partial"
    }
},
{
    "model": "auth.permission",
    "pk": 54,
    "fields": {
        "name": "Can delete partial",
        "content_type": 18,
        "codename": "delete_partial"
    }
},
{
    "model": "auth.permission",
    "pk": 55,
    "fields": {
        "name": "Can add voting user",
        "content_type": 19,
        "codename": "add_votinguser"
    }
},
{
    "model": "auth.permission",
    "pk": 56,
    "fields": {
        "name": "Can change voting user",
        "content_type": 19,
        "codename": "change_votinguser"
    }
},
{
    "model": "auth.permission",
    "pk": 57,
    "fields": {
        "name": "Can delete voting user",
        "content_type": 19,
        "codename": "delete_votinguser"
    }
},
{
    "model": "auth.permission",
    "pk": 58,
    "fields": {
        "name": "Can add auth",
        "content_type": 20,
        "codename": "add_auth"
    }
},
{
    "model": "auth.permission",
    "pk": 59,
    "fields": {
        "name": "Can change auth",
        "content_type": 20,
        "codename": "change_auth"
    }
},
{
    "model": "auth.permission",
    "pk": 60,
    "fields": {
        "name": "Can delete auth",
        "content_type": 20,
        "codename": "delete_auth"
    }
},
{
    "model": "auth.permission",
    "pk": 61,
    "fields": {
        "name": "Can add key",
        "content_type": 21,
        "codename": "add_key"
    }
},
{
    "model": "auth.permission",
    "pk": 62,
    "fields": {
        "name": "Can change key",
        "content_type": 21,
        "codename": "change_key"
    }
},
{
    "model": "auth.permission",
    "pk": 63,
    "fields": {
        "name": "Can delete key",
        "content_type": 21,
        "codename": "delete_key"
    }
},
{
    "model": "auth.permission",
    "pk": 64,
    "fields": {
        "name": "Can add census",
        "content_type": 22,
        "codename": "add_census"
    }
},
{
    "model": "auth.permission",
    "pk": 65,
    "fields": {
        "name": "Can change census",
        "content_type": 22,
        "codename": "change_census"
    }
},
{
    "model": "auth.permission",
    "pk": 66,
    "fields": {
        "name": "Can delete census",
        "content_type": 22,
        "codename": "delete_census"
    }
},
{
    "model": "auth.permission",
    "pk": 67,
    "fields": {
        "name": "Can add mixnet",
        "content_type": 23,
        "codename": "add_mixnet"
    }
},
{
    "model": "auth.permission",
    "pk": 68,
    "fields": {
        "name": "Can change mixnet",
        "content_type": 23,
        "codename": "change_mixnet"
    }
},
{
    "model": "auth.permission",
    "pk": 69,
    "fields": {
        "name": "Can delete mixnet",
        "content_type": 23,
        "codename": "delete_mixnet"
    }
},
{
    "model": "auth.permission",
    "pk": 70,
    "fields": {
        "name": "Can add vote",
        "content_type": 24,
        "codename": "add_vote"
    }
},
{
    "model": "auth.permission",
    "pk": 71,
    "fields": {
        "name": "Can change vote",
        "content_type": 24,
        "codename": "change_vote"
    }
},
{
    "model": "auth.permission",
    "pk": 72,
    "fields": {
        "name": "Can delete vote",
        "content_type": 24,
        "codename": "delete_vote"
    }
},
{
    "model": "auth.permission",
    "pk": 73,
    "fields": {
        "name": "Can add question",
        "content_type": 25,
        "codename": "add_question"
    }
},
{
    "model": "auth.permission",
    "pk": 74,
    "fields": {
        "name": "Can change question",
        "content_type": 25,
        "codename": "change_question"
    }
},
{
    "model": "auth.permission",
    "pk": 75,
    "fields": {
        "name": "Can delete question",
        "content_type": 25,
        "codename": "delete_question"
    }
},
{
    "model": "auth.permission",
    "pk": 76,
    "fields": {
        "name": "Can add question option",
        "content_type": 26,
        "codename": "add_questionoption"
    }
},
{
    "model": "auth.permission",
    "pk": 77,
    "fields": {
        "name": "Can change question option",
        "content_type": 26,
        "codename": "change_questionoption"
    }
},
{
    "model": "auth.permission",
    "pk": 78,
    "fields": {
        "name": "Can delete question option",
        "content_type": 26,
        "codename": "delete_questionoption"
    }
},
{
    "model": "auth.permission",
    "pk": 79,
    "fields": {
        "name": "Can add candidatura",
        "content_type": 27,
        "codename": "add_candidatura"
    }
},
{
    "model": "auth.permission",
    "pk": 80,
    "fields": {
        "name": "Can change candidatura",
        "content_type": 27,
        "codename": "change_candidatura"
    }
},
{
    "model": "auth.permission",
    "pk": 81,
    "fields": {
        "name": "Can delete candidatura",
        "content_type": 27,
        "codename": "delete_candidatura"
    }
},
{
    "model": "auth.permission",
    "pk": 82,
    "fields": {
        "name": "Can add voting",
        "content_type": 28,
        "codename": "add_voting"
    }
},
{
    "model": "auth.permission",
    "pk": 83,
    "fields": {
        "name": "Can change voting",
        "content_type": 28,
        "codename": "change_voting"
    }
},
{
    "model": "auth.permission",
    "pk": 84,
    "fields": {
        "name": "Can delete voting",
        "content_type": 28,
        "codename": "delete_voting"
    }
},
{
    "model": "auth.user",
    "pk": 1,
    "fields": {
        "password": "pbkdf2_sha256$100000$auAqIL06w3cr$3Zmj0Q77tJyR1Zczq+K2xeHqWiy5K12NzGaW616KdfY=",
        "last_login": "2021-01-16T11:16:48.077Z",
        "is_superuser": true,
        "username": "admin",
        "first_name": "",
        "last_name": "",
        "email": "",
        "is_staff": true,
        "is_active": true,
        "date_joined": "2021-01-15T10:15:38.181Z",
        "groups": [],
        "user_permissions": []
    }
},
{
    "model": "auth.user",
    "pk": 2,
    "fields": {
        "password": "pbkdf2_sha256$100000$LkLRYZcc2Uq2$F4Zzy0L6xkTPk3oKDaKdHwh6sfCse5PQDbFpK1BgU2k=",
        "last_login": "2021-01-16T11:21:20.338Z",
        "is_superuser": false,
        "username": "franpe",
        "first_name": "Francisco",
        "last_name": "P\u00e9rez",
        "email": "email1@email.com",
        "is_staff": false,
        "is_active": true,
        "date_joined": "2021-01-15T10:20:06.967Z",
        "groups": [],
        "user_permissions": []
    }
},
{
    "model": "auth.user",
    "pk": 3,
    "fields": {
        "password": "pbkdf2_sha256$100000$xoRe6kSgw21P$CYJBZ6LaSfRstlqTbNsOPT4R5PI16m2sU+QdRSywip8=",
        "last_login": "2021-01-15T10:37:47.195Z",
        "is_superuser": false,
        "username": "davad",
        "first_name": "David",
        "last_name": "Adri\u00e1n",
        "email": "email2@email.com",
        "is_staff": false,
        "is_active": true,
        "date_joined": "2021-01-15T10:20:55.199Z",
        "groups": [],
        "user_permissions": []
    }
},
{
    "model": "auth.user",
    "pk": 4,
    "fields": {
        "password": "pbkdf2_sha256$100000$ODh1H5T20Aqe$CvGitcT8JtHUHjQnpuzP0OI+8Jb4l+GXl8jSwD4lwFo=",
        "last_login": "2021-01-15T10:40:39.259Z",
        "is_superuser": false,
        "username": "masal",
        "first_name": "Maria",
        "last_name": "Sales",
        "email": "email3@email.com",
        "is_staff": false,
        "is_active": true,
        "date_joined": "2021-01-15T10:21:34.696Z",
        "groups": [],
        "user_permissions": []
    }
},
{
    "model": "auth.user",
    "pk": 5,
    "fields": {
        "password": "pbkdf2_sha256$100000$j0x9uyuG7Uat$UmIt+SV69HWPTOf7EwpafwhzZP3YU0MKrQ32x6V+ynM=",
        "last_login": "2021-01-15T10:39:43.465Z",
        "is_superuser": false,
        "username": "josva",
        "first_name": "Josefina",
        "last_name": "Varas",
        "email": "email4@email.com",
        "is_staff": false,
        "is_active": true,
        "date_joined": "2021-01-15T10:22:16.813Z",
        "groups": [],
        "user_permissions": []
    }
},
{
    "model": "auth.user",
    "pk": 6,
    "fields": {
        "password": "pbkdf2_sha256$100000$Mbijjij1Xpli$uMkPAqY/JnV5+Ru+MJ/zQKLv1OQTzyzixb+3XbQJD1M=",
        "last_login": "2021-01-15T10:39:20.152Z",
        "is_superuser": false,
        "username": "josgra",
        "first_name": "Jose Luis",
        "last_name": "Granados",
        "email": "email5@email.com",
        "is_staff": false,
        "is_active": true,
        "date_joined": "2021-01-15T10:22:54.015Z",
        "groups": [],
        "user_permissions": []
    }
},
{
    "model": "auth.user",
    "pk": 7,
    "fields": {
        "password": "pbkdf2_sha256$100000$AvDKY7lpvr47$WEY47pxMRnVqxqs/LSvlttS5VOpfL9R/vgrDxmli2+g=",
        "last_login": "2021-01-16T11:18:57.746Z",
        "is_superuser": false,
        "username": "angpa",
        "first_name": "Angel",
        "last_name": "Parrado",
        "email": "email6@email.com",
        "is_staff": false,
        "is_active": true,
        "date_joined": "2021-01-15T10:24:10.440Z",
        "groups": [],
        "user_permissions": []
    }
},
{
    "model": "auth.user",
    "pk": 8,
    "fields": {
        "password": "pbkdf2_sha256$100000$A0RfbswTNaeV$mi2z7lIdljuc16Zj2BbGLLTOFMKkTexC5UtB4dtVeQk=",
        "last_login": "2021-01-16T11:19:27.635Z",
        "is_superuser": false,
        "username": "ezam",
        "first_name": "Eva",
        "last_name": "Zambrano",
        "email": "email7@email.com",
        "is_staff": false,
        "is_active": true,
        "date_joined": "2021-01-15T10:25:02.143Z",
        "groups": [],
        "user_permissions": []
    }
},
{
    "model": "auth.user",
    "pk": 9,
    "fields": {
        "password": "pbkdf2_sha256$100000$kflmZzxXYqAO$2AMxra6lfjWwbE7uNOn5YoI7QMY3IZKqNsy4YBcFAKE=",
        "last_login": "2021-01-16T11:19:53.182Z",
        "is_superuser": false,
        "username": "afon",
        "first_name": "Ana",
        "last_name": "Fontan",
        "email": "email8@email.com",
        "is_staff": false,
        "is_active": true,
        "date_joined": "2021-01-15T10:25:36.927Z",
        "groups": [],
        "user_permissions": []
    }
},
{
    "model": "auth.user",
    "pk": 10,
    "fields": {
        "password": "pbkdf2_sha256$100000$phhHab9cU9TP$HJU+4CcL/+0AMMHoPwKw+XY88ou7Ge5hEzntNBJ58Ag=",
        "last_login": "2021-01-16T11:20:20.135Z",
        "is_superuser": false,
        "username": "antli",
        "first_name": "Antonio",
        "last_name": "Linares",
        "email": "email9@email.com",
        "is_staff": false,
        "is_active": true,
        "date_joined": "2021-01-15T10:26:29.927Z",
        "groups": [],
        "user_permissions": []
    }
},
{
    "model": "auth.user",
    "pk": 11,
    "fields": {
        "password": "pbkdf2_sha256$100000$uwubXeXmiTFJ$3SU58ULZl3Y3CSft7LPv9+uDJjd0f/eXM+Vk9QFhIWo=",
        "last_login": "2021-01-16T11:20:47.148Z",
        "is_superuser": false,
        "username": "loga",
        "first_name": "Lorena",
        "last_name": "Gabarri",
        "email": "email10@email.com",
        "is_staff": false,
        "is_active": true,
        "date_joined": "2021-01-15T10:27:11.159Z",
        "groups": [],
        "user_permissions": []
    }
},
{
    "model": "authtoken.token",
    "pk": "040deeecb7c94ba513ca02428cbb22cdfd8ce065",
    "fields": {
        "user": 7,
        "created": "2021-01-15T10:24:10.542Z"
    }
},
{
    "model": "authtoken.token",
    "pk": "0706fa9d60e81cb955e2e25544280e6cc88125f5",
    "fields": {
        "user": 9,
        "created": "2021-01-15T10:25:37.137Z"
    }
},
{
    "model": "authtoken.token",
    "pk": "0fd676a55720b0ea318ec6c4b19a47b9afca9949",
    "fields": {
        "user": 5,
        "created": "2021-01-15T10:22:17.011Z"
    }
},
{
    "model": "authtoken.token",
    "pk": "3fd896b54f03c479169cd152e35af49e173d1244",
    "fields": {
        "user": 6,
        "created": "2021-01-15T10:22:54.216Z"
    }
},
{
    "model": "authtoken.token",
    "pk": "4aabd7c05a13b6e980487bf3408261c3e658dac0",
    "fields": {
        "user": 3,
        "created": "2021-01-15T10:20:55.419Z"
    }
},
{
    "model": "authtoken.token",
    "pk": "7aa8ec434dc90d7ab9a6f2b1ee1e09cfebbcf7b2",
    "fields": {
        "user": 8,
        "created": "2021-01-15T10:25:02.258Z"
    }
},
{
    "model": "authtoken.token",
    "pk": "923eb909c156595531e7bcf988623d425534282f",
    "fields": {
        "user": 1,
        "created": "2021-01-15T10:16:31.671Z"
    }
},
{
    "model": "authtoken.token",
    "pk": "bdcb87564bcff2fb3028f034e72a060f94c8c031",
    "fields": {
        "user": 4,
        "created": "2021-01-15T10:21:34.835Z"
    }
},
{
    "model": "authtoken.token",
    "pk": "db5ee68cfc941270f648146d2a188e51d38677e7",
    "fields": {
        "user": 11,
        "created": "2021-01-15T10:27:11.307Z"
    }
},
{
    "model": "authtoken.token",
    "pk": "dd9c5ac5b941505805555e3d0eeb9ebf6577bdfb",
    "fields": {
        "user": 10,
        "created": "2021-01-15T10:26:30.030Z"
    }
},
{
    "model": "authtoken.token",
    "pk": "f5908a7dcb1683f3c0bfb7455021897e38a9233c",
    "fields": {
        "user": 2,
        "created": "2021-01-15T10:20:07.215Z"
    }
},
{
    "model": "authentication.votinguser",
    "pk": 1,
    "fields": {
        "user": 2,
        "dni": "12345673F",
        "sexo": "Man",
        "titulo": "Software",
        "curso": "First",
        "candidatura": 1,
        "edad": 18
    }
},
{
    "model": "authentication.votinguser",
    "pk": 2,
    "fields": {
        "user": 3,
        "dni": "12335673F",
        "sexo": "Man",
        "titulo": "Software",
        "curso": "Second",
        "candidatura": 1,
        "edad": 19
    }
},
{
    "model": "authentication.votinguser",
    "pk": 3,
    "fields": {
        "user": 4,
        "dni": "12335678F",
        "sexo": "Woman",
        "titulo": "Software",
        "curso": "Third",
        "candidatura": 1,
        "edad": 20
    }
},
{
    "model": "authentication.votinguser",
    "pk": 4,
    "fields": {
        "user": 5,
        "dni": "12452713F",
        "sexo": "Woman",
        "titulo": "Software",
        "curso": "Fourth",
        "candidatura": 1,
        "edad": 21
    }
},
{
    "model": "authentication.votinguser",
    "pk": 5,
    "fields": {
        "user": 6,
        "dni": "12345628F",
        "sexo": "Man",
        "titulo": "Software",
        "curso": "Master",
        "candidatura": 1,
        "edad": 22
    }
},
{
    "model": "authentication.votinguser",
    "pk": 6,
    "fields": {
        "user": 7,
        "dni": "12645673F",
        "sexo": "Man",
        "titulo": "Software",
        "curso": "First",
        "candidatura": 1,
        "edad": 18
    }
},
{
    "model": "authentication.votinguser",
    "pk": 7,
    "fields": {
        "user": 8,
        "dni": "12345628R",
        "sexo": "Woman",
        "titulo": "Software",
        "curso": "Second",
        "candidatura": 1,
        "edad": 19
    }
},
{
    "model": "authentication.votinguser",
    "pk": 8,
    "fields": {
        "user": 9,
        "dni": "12345628P",
        "sexo": "Woman",
        "titulo": "Software",
        "curso": "Third",
        "candidatura": 1,
        "edad": 20
    }
},
{
    "model": "authentication.votinguser",
    "pk": 9,
    "fields": {
        "user": 10,
        "dni": "12345628T",
        "sexo": "Man",
        "titulo": "Software",
        "curso": "Fourth",
        "candidatura": 1,
        "edad": 21
    }
},
{
    "model": "authentication.votinguser",
    "pk": 10,
    "fields": {
        "user": 11,
        "dni": "12345628G",
        "sexo": "Woman",
        "titulo": "Software",
        "curso": "Master",
        "candidatura": 1,
        "edad": 22
    }
},
{
    "model": "voting.candidatura",
    "pk": 1,
    "fields": {
        "nombre": "Candidatura de ejemplo",
        "delegadoCentro": 2,
        "representanteDelegadoPrimero": 2,
        "representanteDelegadoSegundo": 3,
        "representanteDelegadoTercero": 4,
        "representanteDelegadoCuarto": 5,
        "representanteDelegadoMaster": 6
    }
},
{
    "model": "admin.logentry",
    "pk": 1,
    "fields": {
        "action_time": "2021-01-15T10:19:26.669Z",
        "user": 1,
        "content_type": 27,
        "object_id": "1",
        "object_repr": "Candidatura de ejemplo",
        "action_flag": 1,
        "change_message": "[{\"added\": {}}]"
    }
},
{
    "model": "admin.logentry",
    "pk": 2,
    "fields": {
        "action_time": "2021-01-15T10:31:31.386Z",
        "user": 1,
        "content_type": 20,
        "object_id": "1",
        "object_repr": "http://localhost:8000",
        "action_flag": 1,
        "change_message": "[{\"added\": {}}]"
    }
},
{
    "model": "admin.logentry",
    "pk": 3,
    "fields": {
        "action_time": "2021-01-15T10:33:43.355Z",
        "user": 1,
        "content_type": 22,
        "object_id": "1",
        "object_repr": "Census object (1)",
        "action_flag": 1,
        "change_message": "[{\"added\": {}}]"
    }
},
{
    "model": "admin.logentry",
    "pk": 4,
    "fields": {
        "action_time": "2021-01-15T10:33:54.124Z",
        "user": 1,
        "content_type": 22,
        "object_id": "2",
        "object_repr": "Census object (2)",
        "action_flag": 1,
        "change_message": "[{\"added\": {}}]"
    }
},
{
    "model": "admin.logentry",
    "pk": 5,
    "fields": {
        "action_time": "2021-01-15T10:33:59.826Z",
        "user": 1,
        "content_type": 22,
        "object_id": "3",
        "object_repr": "Census object (3)",
        "action_flag": 1,
        "change_message": "[{\"added\": {}}]"
    }
},
{
    "model": "admin.logentry",
    "pk": 6,
    "fields": {
        "action_time": "2021-01-15T10:34:05.598Z",
        "user": 1,
        "content_type": 22,
        "object_id": "4",
        "object_repr": "Census object (4)",
        "action_flag": 1,
        "change_message": "[{\"added\": {}}]"
    }
},
{
    "model": "admin.logentry",
    "pk": 7,
    "fields": {
        "action_time": "2021-01-15T10:34:08.426Z",
        "user": 1,
        "content_type": 22,
        "object_id": "5",
        "object_repr": "Census object (5)",
        "action_flag": 1,
        "change_message": "[{\"added\": {}}]"
    }
},
{
    "model": "admin.logentry",
    "pk": 8,
    "fields": {
        "action_time": "2021-01-15T10:34:11.073Z",
        "user": 1,
        "content_type": 22,
        "object_id": "6",
        "object_repr": "Census object (6)",
        "action_flag": 1,
        "change_message": "[{\"added\": {}}]"
    }
},
{
    "model": "admin.logentry",
    "pk": 9,
    "fields": {
        "action_time": "2021-01-15T10:34:14.341Z",
        "user": 1,
        "content_type": 22,
        "object_id": "7",
        "object_repr": "Census object (7)",
        "action_flag": 1,
        "change_message": "[{\"added\": {}}]"
    }
},
{
    "model": "admin.logentry",
    "pk": 10,
    "fields": {
        "action_time": "2021-01-15T10:34:17.472Z",
        "user": 1,
        "content_type": 22,
        "object_id": "8",
        "object_repr": "Census object (8)",
        "action_flag": 1,
        "change_message": "[{\"added\": {}}]"
    }
},
{
    "model": "admin.logentry",
    "pk": 11,
    "fields": {
        "action_time": "2021-01-15T10:34:21.305Z",
        "user": 1,
        "content_type": 22,
        "object_id": "9",
        "object_repr": "Census object (9)",
        "action_flag": 1,
        "change_message": "[{\"added\": {}}]"
    }
},
{
    "model": "admin.logentry",
    "pk": 12,
    "fields": {
        "action_time": "2021-01-15T10:34:25.817Z",
        "user": 1,
        "content_type": 22,
        "object_id": "10",
        "object_repr": "Census object (10)",
        "action_flag": 1,
        "change_message": "[{\"added\": {}}]"
    }
},
{
    "model": "admin.logentry",
    "pk": 13,
    "fields": {
        "action_time": "2021-01-16T11:17:34.422Z",
        "user": 1,
        "content_type": 22,
        "object_id": "11",
        "object_repr": "Census object (11)",
        "action_flag": 1,
        "change_message": "[{\"added\": {}}]"
    }
},
{
    "model": "admin.logentry",
    "pk": 14,
    "fields": {
        "action_time": "2021-01-16T11:17:37.078Z",
        "user": 1,
        "content_type": 22,
        "object_id": "12",
        "object_repr": "Census object (12)",
        "action_flag": 1,
        "change_message": "[{\"added\": {}}]"
    }
},
{
    "model": "admin.logentry",
    "pk": 15,
    "fields": {
        "action_time": "2021-01-16T11:17:40.030Z",
        "user": 1,
        "content_type": 22,
        "object_id": "13",
        "object_repr": "Census object (13)",
        "action_flag": 1,
        "change_message": "[{\"added\": {}}]"
    }
},
{
    "model": "admin.logentry",
    "pk": 16,
    "fields": {
        "action_time": "2021-01-16T11:17:43.022Z",
        "user": 1,
        "content_type": 22,
        "object_id": "14",
        "object_repr": "Census object (14)",
        "action_flag": 1,
        "change_message": "[{\"added\": {}}]"
    }
},
{
    "model": "admin.logentry",
    "pk": 17,
    "fields": {
        "action_time": "2021-01-16T11:17:45.792Z",
        "user": 1,
        "content_type": 22,
        "object_id": "15",
        "object_repr": "Census object (15)",
        "action_flag": 1,
        "change_message": "[{\"added\": {}}]"
    }
},
{
    "model": "admin.logentry",
    "pk": 18,
    "fields": {
        "action_time": "2021-01-16T11:17:48.732Z",
        "user": 1,
        "content_type": 22,
        "object_id": "16",
        "object_repr": "Census object (16)",
        "action_flag": 1,
        "change_message": "[{\"added\": {}}]"
    }
},
{
    "model": "admin.logentry",
    "pk": 19,
    "fields": {
        "action_time": "2021-01-16T11:18:03.856Z",
        "user": 1,
        "content_type": 22,
        "object_id": "17",
        "object_repr": "Census object (17)",
        "action_flag": 1,
        "change_message": "[{\"added\": {}}]"
    }
},
{
    "model": "admin.logentry",
    "pk": 20,
    "fields": {
        "action_time": "2021-01-16T11:18:07.694Z",
        "user": 1,
        "content_type": 22,
        "object_id": "18",
        "object_repr": "Census object (18)",
        "action_flag": 1,
        "change_message": "[{\"added\": {}}]"
    }
},
{
    "model": "admin.logentry",
    "pk": 21,
    "fields": {
        "action_time": "2021-01-16T11:18:11.948Z",
        "user": 1,
        "content_type": 22,
        "object_id": "19",
        "object_repr": "Census object (19)",
        "action_flag": 1,
        "change_message": "[{\"added\": {}}]"
    }
},
{
    "model": "admin.logentry",
    "pk": 22,
    "fields": {
        "action_time": "2021-01-16T11:18:14.722Z",
        "user": 1,
        "content_type": 22,
        "object_id": "20",
        "object_repr": "Census object (20)",
        "action_flag": 1,
        "change_message": "[{\"added\": {}}]"
    }
}
]
