[{"model": "contenttypes.contenttype", "pk": 1, "fields": {"app_label": "admin", "model": "logentry"}}, {"model": "contenttypes.contenttype", "pk": 2, "fields": {"app_label": "auth", "model": "permission"}}, {"model": "contenttypes.contenttype", "pk": 3, "fields": {"app_label": "auth", "model": "group"}}, {"model": "contenttypes.contenttype", "pk": 4, "fields": {"app_label": "auth", "model": "user"}}, {"model": "contenttypes.contenttype", "pk": 5, "fields": {"app_label": "contenttypes", "model": "contenttype"}}, {"model": "contenttypes.contenttype", "pk": 6, "fields": {"app_label": "sessions", "model": "session"}}, {"model": "contenttypes.contenttype", "pk": 7, "fields": {"app_label": "sites", "model": "site"}}, {"model": "contenttypes.contenttype", "pk": 8, "fields": {"app_label": "authtoken", "model": "token"}}, {"model": "contenttypes.contenttype", "pk": 9, "fields": {"app_label": "account", "model": "emailaddress"}}, {"model": "contenttypes.contenttype", "pk": 10, "fields": {"app_label": "account", "model": "emailconfirmation"}}, {"model": "contenttypes.contenttype", "pk": 11, "fields": {"app_label": "socialaccount", "model": "socialapp"}}, {"model": "contenttypes.contenttype", "pk": 12, "fields": {"app_label": "socialaccount", "model": "socialaccount"}}, {"model": "contenttypes.contenttype", "pk": 13, "fields": {"app_label": "socialaccount", "model": "socialtoken"}}, {"model": "contenttypes.contenttype", "pk": 14, "fields": {"app_label": "social_django", "model": "usersocialauth"}}, {"model": "contenttypes.contenttype", "pk": 15, "fields": {"app_label": "social_django", "model": "nonce"}}, {"model": "contenttypes.contenttype", "pk": 16, "fields": {"app_label": "social_django", "model": "association"}}, {"model": "contenttypes.contenttype", "pk": 17, "fields": {"app_label": "social_django", "model": "code"}}, {"model": "contenttypes.contenttype", "pk": 18, "fields": {"app_label": "social_django", "model": "partial"}}, {"model": "contenttypes.contenttype", "pk": 19, "fields": {"app_label": "authentication", "model": "votinguser"}}, {"model": "contenttypes.contenttype", "pk": 20, "fields": {"app_label": "base", "model": "auth"}}, {"model": "contenttypes.contenttype", "pk": 21, "fields": {"app_label": "base", "model": "key"}}, {"model": "contenttypes.contenttype", "pk": 22, "fields": {"app_label": "census", "model": "census"}}, {"model": "contenttypes.contenttype", "pk": 23, "fields": {"app_label": "mixnet", "model": "mixnet"}}, {"model": "contenttypes.contenttype", "pk": 24, "fields": {"app_label": "store", "model": "vote"}}, {"model": "contenttypes.contenttype", "pk": 25, "fields": {"app_label": "voting", "model": "question"}}, {"model": "contenttypes.contenttype", "pk": 26, "fields": {"app_label": "voting", "model": "questionoption"}}, {"model": "contenttypes.contenttype", "pk": 27, "fields": {"app_label": "voting", "model": "candidatura"}}, {"model": "contenttypes.contenttype", "pk": 28, "fields": {"app_label": "voting", "model": "voting"}}, {"model": "sites.site", "pk": 1, "fields": {"domain": "example.com", "name": "example.com"}}, {"model": "base.auth", "pk": 1, "fields": {"name": "localhost:8000", "url": "http://localhost:8000", "me": false}}, {"model": "base.auth", "pk": 2, "fields": {"name": "localhost:8000", "url": "http://localhost:8000", "me": true}}, {"model": "base.key", "pk": 1, "fields": {"p": 104964549016260473288662632836244789080163573511237677447116104995980402558759, "g": 85031890816436761018573210887631369066488877145509918680128974467244299149171, "y": 52209462085839487918080751636955406261348582194126045872430773360897888405274, "x": 31897536749826952886619938043886411202768080784657083157398328007221567487631}}, {"model": "base.key", "pk": 2, "fields": {"p": 104964549016260473288662632836244789080163573511237677447116104995980402558759, "g": 85031890816436761018573210887631369066488877145509918680128974467244299149171, "y": 52209462085839487918080751636955406261348582194126045872430773360897888405274, "x": 0}}, {"model": "base.key", "pk": 3, "fields": {"p": 104964549016260473288662632836244789080163573511237677447116104995980402558759, "g": 85031890816436761018573210887631369066488877145509918680128974467244299149171, "y": 52209462085839487918080751636955406261348582194126045872430773360897888405274, "x": 0}}, {"model": "base.key", "pk": 4, "fields": {"p": 81758291340354651574342674095731512475869847766271175939210704221745494602487, "g": 5433171898261502501166031991398414317058766923266850863865873588501161575721, "y": 27415211268547614279662232909907847499892569989210259484322907407880280900155, "x": 45576649568704153015732940201142738559507397816289500384096484604990067284977}}, {"model": "base.key", "pk": 5, "fields": {"p": 81758291340354651574342674095731512475869847766271175939210704221745494602487, "g": 5433171898261502501166031991398414317058766923266850863865873588501161575721, "y": 27415211268547614279662232909907847499892569989210259484322907407880280900155, "x": 0}}, {"model": "base.key", "pk": 6, "fields": {"p": 81758291340354651574342674095731512475869847766271175939210704221745494602487, "g": 5433171898261502501166031991398414317058766923266850863865873588501161575721, "y": 27415211268547614279662232909907847499892569989210259484322907407880280900155, "x": 0}}, {"model": "census.census", "pk": 1, "fields": {"voting_id": 1, "voter_id": 2}}, {"model": "census.census", "pk": 2, "fields": {"voting_id": 1, "voter_id": 3}}, {"model": "census.census", "pk": 3, "fields": {"voting_id": 1, "voter_id": 4}}, {"model": "census.census", "pk": 4, "fields": {"voting_id": 1, "voter_id": 5}}, {"model": "census.census", "pk": 5, "fields": {"voting_id": 1, "voter_id": 6}}, {"model": "census.census", "pk": 6, "fields": {"voting_id": 1, "voter_id": 7}}, {"model": "census.census", "pk": 7, "fields": {"voting_id": 1, "voter_id": 8}}, {"model": "census.census", "pk": 8, "fields": {"voting_id": 1, "voter_id": 9}}, {"model": "census.census", "pk": 9, "fields": {"voting_id": 1, "voter_id": 10}}, {"model": "census.census", "pk": 10, "fields": {"voting_id": 1, "voter_id": 11}}, {"model": "census.census", "pk": 11, "fields": {"voting_id": 2, "voter_id": 3}}, {"model": "census.census", "pk": 12, "fields": {"voting_id": 2, "voter_id": 4}}, {"model": "census.census", "pk": 13, "fields": {"voting_id": 2, "voter_id": 5}}, {"model": "census.census", "pk": 14, "fields": {"voting_id": 2, "voter_id": 6}}, {"model": "census.census", "pk": 15, "fields": {"voting_id": 2, "voter_id": 7}}, {"model": "census.census", "pk": 16, "fields": {"voting_id": 2, "voter_id": 8}}, {"model": "census.census", "pk": 17, "fields": {"voting_id": 2, "voter_id": 9}}, {"model": "census.census", "pk": 18, "fields": {"voting_id": 2, "voter_id": 10}}, {"model": "census.census", "pk": 19, "fields": {"voting_id": 2, "voter_id": 11}}, {"model": "census.census", "pk": 20, "fields": {"voting_id": 2, "voter_id": 2}}, {"model": "mixnet.mixnet", "pk": 1, "fields": {"voting_id": 1, "auth_position": 0, "key": 1, "pubkey": 2, "auths": [2]}}, {"model": "mixnet.mixnet", "pk": 2, "fields": {"voting_id": 2, "auth_position": 0, "key": 4, "pubkey": 5, "auths": [2]}}, {"model": "store.vote", "pk": 1, "fields": {"voting_id": 1, "voter_id": 9, "data": {"age": {"a": "67556349406311988301166935809112990812027555541387928159617697816587427362041", "b": "74562867215454240431269838434290643547782860455913928387621709029967151647697"}, "sex": {"a": "55223972465140876785331063138006022468656901668588831603156135054760964830421", "b": "96201994817814713117006791854945257371929556496160538309488739070912654529778"}, "year": {"a": "19851267704774090624080414889256445276166217788003476891555631055375533788641", "b": "10302801166426304144712802748972563954942274664877537556551470826411249422715"}, "grade": {"a": "16178888151589769260921772249235339684863265659903724639029572654675738833906", "b": "73846412532541127311918650085773125536479241208519869710113180545012805530967"}, "elige representante de tercero de la candidatura \"Candidatura de ejemplo\"": {"a": "10074665977254210748833653919223386106889782318813714939386058534437624463003", "b": "24962470574098076980673581910634624803103328229956907990711856934457067749232"}, "elige representante de delegado de centro de la candidatura \"Candidatura de ejemplo\"": {"a": "25071062773194507798150647942347478759188896936132621500036959230588779006225", "b": "8933056776102022948830244574872378408745248793551230767406880386927252137148"}}, "voted": "2021-01-15T10:36:34.658Z"}}, {"model": "store.vote", "pk": 2, "fields": {"voting_id": 1, "voter_id": 7, "data": {"age": {"a": "79029526746706925563016774068742064275573385239948575975118505975703035047206", "b": "101072105754328506976277346357189123435841136719376983148034627331078112136116"}, "sex": {"a": "76133177814563503813546073709458328335217684278160030319054047908168243836548", "b": "26375329798064175992947945374309745006440191046696852551813564640543850778400"}, "year": {"a": "32254262697414500105419861514826857108269338253007277751527484961195565891401", "b": "43993134800089340651661101091170295679139581718790102527218599198915170975927"}, "grade": {"a": "48439591731727959104528565389104486994377233867742174542507298566399755130155", "b": "32203734002736307925812730869539313911818112249547494226132761581003150551164"}, "elige representante de primero de la candidatura \"Candidatura de ejemplo\"": {"a": "74787159924415605478553984376927589596096247306434948929359830814907754359689", "b": "87313823386691092534735285672817108346075288471615353864560848476557213885074"}, "elige representante de delegado de centro de la candidatura \"Candidatura de ejemplo\"": {"a": "36651086809917313063014805415594673033939004447637304474523570523817695452821", "b": "64250533469221610166592678215828313841957032086926805749059552380079986208789"}}, "voted": "2021-01-15T10:36:58.549Z"}}, {"model": "store.vote", "pk": 3, "fields": {"voting_id": 1, "voter_id": 10, "data": {"age": {"a": "9486218330477902912486028101810818358283083715858190916002455030767379369223", "b": "48103201309767415227980073304290420874812982040293037024703033537490395133361"}, "sex": {"a": "14514882535543072187346705171145231756672394058021224131502636334245382540297", "b": "16174569423414745238287155949497837529030086926611463453399435878887017224786"}, "year": {"a": "8824781880605372413393331354303472803191305291585240814280215833188591323139", "b": "50520091959767864071734147929433921142387902059338376044340816831917598441272"}, "grade": {"a": "77666728166249668079460319902453578493214296597599969499421323460124836580008", "b": "58915232261428444697433474800452298720118888834109234321722265308372726714574"}, "elige representante de cuarto de la candidatura \"Candidatura de ejemplo\"": {"a": "29120319974327629009170471104840783952857146336534763357665152667869505775556", "b": "41263559601024292350337095393998009363334883588158199582863357109191460313455"}, "elige representante de delegado de centro de la candidatura \"Candidatura de ejemplo\"": {"a": "87727851552889939509532566622016251585914641420229408873203509628769583727477", "b": "57166047768509104183890003558342628881706683399270885992405796056006702067604"}}, "voted": "2021-01-15T10:37:33.761Z"}}, {"model": "store.vote", "pk": 4, "fields": {"voting_id": 1, "voter_id": 3, "data": {"age": {"a": "33976544171254234318852497346314170871520094590943674910260970316635224886532", "b": "14093707011532949581517759197786943766379131626263183052540527306440331363476"}, "sex": {"a": "22740351441792162325764353024918886927351026360357145951546806748089290036364", "b": "22459874408329569697595895705468801752996201142413523940469904828353941784898"}, "year": {"a": "92191056097197885588634393703116177445009315744881443646078886086693243459814", "b": "23752288840840846215304481031771521667128602558112926849391607079921712916147"}, "grade": {"a": "18991865098759110234422476427124391037994105464744734714564310997794038525876", "b": "36862693366504143336692457168366143393013994693033782278912800559356359097441"}, "elige representante de segundo de la candidatura \"Candidatura de ejemplo\"": {"a": "53074947189292592182654398917065044563399686271270096926672583572965010658525", "b": "86078413630669869912282925962175043720942468741146032459725298276669738057853"}, "elige representante de delegado de centro de la candidatura \"Candidatura de ejemplo\"": {"a": "95199082962607104233612329443394894886338843785323788475913121914927599148989", "b": "33833436333096282542150889331075682760045225721854058788021127754744346910288"}}, "voted": "2021-01-15T10:38:07.770Z"}}, {"model": "store.vote", "pk": 5, "fields": {"voting_id": 1, "voter_id": 8, "data": {"age": {"a": "5121121373146871736635519342728407364131759699579497652176452302022775433647", "b": "44163894296921258072336547771609398280849468113681045788953242237377554956565"}, "sex": {"a": "3997372692979734567060231543707698216875641059086432611441659242911236013643", "b": "71348391870922938349097223066879798097305762257634089201843354528329062880771"}, "year": {"a": "22064679682051411053201554145315870203789995044665723104485892115043318140667", "b": "29673204099199437572373814778041064253574473030606165745424462475478625108155"}, "grade": {"a": "32706699504305035891381112729669993350865882858857272028296992308000065169201", "b": "86772015523292933638748893442693308436162517047934645284674983144428263640731"}, "elige representante de segundo de la candidatura \"Candidatura de ejemplo\"": {"a": "84970358107831377011766648488598914437710345921301948171912753178586963942163", "b": "48517960639736424050006584071120319076588127997361476922493860518551455383460"}, "elige representante de delegado de centro de la candidatura \"Candidatura de ejemplo\"": {"a": "58840935794856705859564417411829546260248845310648444488287231519380246161834", "b": "21464563094570065485218655109908479231719086602840425158901463477059326024088"}}, "voted": "2021-01-15T10:38:33.178Z"}}, {"model": "store.vote", "pk": 6, "fields": {"voting_id": 1, "voter_id": 2, "data": {"age": {"a": "36204422293487193576873782953498046109880873631631420112513150922366908182236", "b": "73819358028648312269771461871465329591179784063316612582955311833257976213314"}, "sex": {"a": "51425301626432098512889094449226388465397348755179778788339853053627268403378", "b": "79708160105067869493665668782371967258524394659776166564873346083434200832317"}, "year": {"a": "6893958639523509359147709046723524507221096441022408290470427466645340347866", "b": "101610188910908162330216908674049928755818472758361862837724498112886306867837"}, "grade": {"a": "98924904370619579591960500378408534055696531094491218460919067506557423515148", "b": "9614698252086092814467196401936569654733196741815859168607923820945169019076"}, "elige representante de primero de la candidatura \"Candidatura de ejemplo\"": {"a": "80391978491250819965393106011032490364239213710394548277226811221919090502617", "b": "21891590944076458872441511342450884504235540421839192339980490177528165635795"}, "elige representante de delegado de centro de la candidatura \"Candidatura de ejemplo\"": {"a": "1285053673012958107563287400849529595945963906815696545571205351797499210578", "b": "62215999059353053769606029023394055535647939419818326068491046717608699218806"}}, "voted": "2021-01-15T10:39:07.868Z"}}, {"model": "store.vote", "pk": 7, "fields": {"voting_id": 1, "voter_id": 6, "data": {"age": {"a": "7382318251715045715347504048398542887345587978074401931097100359995287868514", "b": "94857522800794239869934523859812825734778678518908824673267459286163903969373"}, "sex": {"a": "56874451957458886500384839755480822440623587722505694458847281634191131924496", "b": "92153099671888799581193932674610784366864064051729265755865956408372829260159"}, "year": {"a": "98278749314909391170968721741154254671485745873642553754161401257061318283309", "b": "45345792878878421711581657269714905648471876819525739521272578457755489765048"}, "grade": {"a": "104914226201156173996484659892625983890624399845523093123870484036189373590548", "b": "53483871790614817776245841447484329921155444158886019112239618646804245153861"}, "elige representante de m\u00e1ster de la candidatura \"Candidatura de ejemplo\"": {"a": "46590723702101360931987969027989060045367606039965028906795703916591988959682", "b": "69425411807456660934700029436350115308505027229148860877672002838235218818207"}, "elige representante de delegado de centro de la candidatura \"Candidatura de ejemplo\"": {"a": "13567909194253879694859395436161358268232142832459236294610453548113196522707", "b": "79176035463164429281005725088213933082174440912833679673092911857102379769226"}}, "voted": "2021-01-15T10:39:29.951Z"}}, {"model": "store.vote", "pk": 8, "fields": {"voting_id": 1, "voter_id": 5, "data": {"age": {"a": "37342932722126473325235247424570582580431491380188468440129425041698387256294", "b": "4869693557510440373348799557188079702864725683860604418205833141265600344027"}, "sex": {"a": "65360415158949144464566413993131338945584759758631353667549961900283673952876", "b": "80503145977355227344855190082362461264231696532577324466514829804369843156638"}, "year": {"a": "77323742843548960083747220416996877555614952341845070085346292003970111686920", "b": "28564632771345619857489497149984788656612903715222321151542131156360212567139"}, "grade": {"a": "57534656856544372048050125167165614425473855602574032544214028684671998980414", "b": "32404430624276676879084424481806040586281334011549617495699283243536691168008"}, "elige representante de cuarto de la candidatura \"Candidatura de ejemplo\"": {"a": "13514839547895016353837984519484109013347045759178640916396568437902413530508", "b": "34941748559208501005930440515534915015804712423643702622820996708423525547623"}, "elige representante de delegado de centro de la candidatura \"Candidatura de ejemplo\"": {"a": "69914757238090086595799649164975700828575907828896828613640259944737965959486", "b": "50995549192725178138497190558715334547057969007299786217998710588819554771784"}}, "voted": "2021-01-15T10:39:52.538Z"}}, {"model": "store.vote", "pk": 9, "fields": {"voting_id": 1, "voter_id": 11, "data": {"age": {"a": "14684696051819295910365041453950240622256543527517251295293597180291680986372", "b": "22032701019030821411426486691994234085325336292570456273141058714375172376022"}, "sex": {"a": "35454928623748956989865853417116693155647936888107312622980323214361670893822", "b": "34620156165883042181051027754904209356358913053524098365421088590272775619485"}, "year": {"a": "96023061043036837409150754747425750405286810325252436161043192746851835478754", "b": "72054218779956559509452256413491865341204668363787237239787236091448417595289"}, "grade": {"a": "26260445353315319377396627002340499139387570351886905630616236989435025847872", "b": "4412927648253740318935193777245975150590448775643715695346531759287284318328"}, "elige representante de m\u00e1ster de la candidatura \"Candidatura de ejemplo\"": {"a": "97402864083497930292966089692801601291707502724585941383061502785283080793002", "b": "80182223392524104726389895806133268653294523233318815392391029283168911638447"}, "elige representante de delegado de centro de la candidatura \"Candidatura de ejemplo\"": {"a": "83877042342990603724375243556342379765465007508869456676852801186168852601748", "b": "29557383040666621343143057469465308479200065434886577995864356138533535028273"}}, "voted": "2021-01-15T10:40:24.759Z"}}, {"model": "store.vote", "pk": 10, "fields": {"voting_id": 1, "voter_id": 4, "data": {"age": {"a": "94279142457905506510947046418819568417522948754578121956216163416391625146864", "b": "84580042984702297528548116071429773898739437399348604790141645293274000148990"}, "sex": {"a": "49154914806265670465331709450349310227092205332032204734107139951836718205649", "b": "9583256938531018398553881399699879336906438768661620120690731928425959908935"}, "year": {"a": "48399317736118228044618160205296802301988153066591544637063805042397659001028", "b": "34132782702165208994375262467003480545224220265586465061387878965547714008512"}, "grade": {"a": "103064632286299899640944507424540490284298839957810307170499553483014507933924", "b": "2366548149333630474416762284176664912103363827168666425233640098439076782232"}, "elige representante de tercero de la candidatura \"Candidatura de ejemplo\"": {"a": "460551026156711453083509711460510128256769705786726745075897271546310460028", "b": "60159517094081173349272894650609929255228445894137087120187431514028637575537"}, "elige representante de delegado de centro de la candidatura \"Candidatura de ejemplo\"": {"a": "31435577045884207300012337958134919573952567824495165709291268243463762440439", "b": "64548361223133899156237546100672028135408621665832866180522913730225222113750"}}, "voted": "2021-01-15T10:40:51.487Z"}}, {"model": "store.vote", "pk": 11, "fields": {"voting_id": 2, "voter_id": 11, "data": {"age": {"a": "24993364281633536175917979195170613328726415868872297548455402387322283134634", "b": "61181333144696993758328975544641894784848167770004346263743065274579507205392"}, "sex": {"a": "43830240070637461934255990062043530856679836605472752965320534311387948729725", "b": "56461413674860782379120403939553245165342479014771321891527821115514455308568"}, "year": {"a": "64401468448797280756777868383059398361896328884531694156576258437862349641153", "b": "2204506247899763850537914061868354957856473514097599582776644025591397108867"}, "grade": {"a": "36510470938975172071438622550977473024490212037818424773225294435933448616814", "b": "43001829218595911021545135594968912979977953981875137672441503283428641251122"}, "Votaci\u00f3n general 1: Elige al delegado al centro": {"a": "65471140042559699055633879879850916035534459763496241584598203506374334633595", "b": "3407058450292133101860502533882495139155453394759303975130662149673493374429"}, "Votaci\u00f3n general 1: Elige al delegado del master": {"a": "73198539528567569642375780300382655637170856966341045096460494632672247529914", "b": "11692571690727122420715804470190562818065463224135100516351850234509063867909"}, "<h2>Votaci\u00f3n general 1: Elige a los miembros de delegaci\u00f3n de alumnos</h2>": [{"a": "17179471141430948726404836062423843280266141892620333129437101373039101688150", "b": "52846184015252798530918688742768120075534890858751598579817901534153163020013"}, {"a": "26230103380254068637815468003832831739491845472226379227801850300085148073946", "b": "254051108887144885042907847139820238283774687335808608143364928072322870398"}]}, "voted": "2021-01-15T10:59:41.773Z"}}, {"model": "store.vote", "pk": 12, "fields": {"voting_id": 2, "voter_id": 10, "data": {"age": {"a": "80995317537290420994480936043678816160956064173197105065904595433347048291921", "b": "33481545602680893496416498616821657413787305542698432917564451785966867351378"}, "sex": {"a": "54438689991507897740489300035775854511369675610069850508234230315187484305684", "b": "34621166430618102421573127889511804265969171584246105999502543889943925593169"}, "year": {"a": "66905522862673464321171376824940049535511150335383103976139456113471995913645", "b": "49265643323182505241516993217363779380035772276899079327872827351018142908761"}, "grade": {"a": "48791607916824888582350451501456712121254032206722112363218000126612465231251", "b": "9490779614535388313914455110109462868714543298632698933146053553827831450481"}, "Votaci\u00f3n general 1: Elige al delegado al centro": {"a": "8574129837993051559825383723825037906106986539877048298927432693952877565195", "b": "36408773827436354611687006390438240367185777470933975689981525025209110533002"}, "Votaci\u00f3n general 1: Elige al delegado de cuarto": {"a": "15079497506765234999331772974215383990018595097783698541625171336036990360664", "b": "31778453268351774537604344765022228334295312579848436506199707748551621836541"}, "<h2>Votaci\u00f3n general 1: Elige a los miembros de delegaci\u00f3n de alumnos</h2>": [{"a": "8253448163360068513132571856040987112731751910910539130187124286577670636157", "b": "16787358768767381746268916178074333432539998898975889993251427507840843086044"}, {"a": "44873586840792078215025826878910787802484863581852692644971379674515638529026", "b": "49335429773395024468367533393857339091243261901926651831489395090655982462806"}]}, "voted": "2021-01-15T11:00:21.244Z"}}, {"model": "store.vote", "pk": 13, "fields": {"voting_id": 2, "voter_id": 9, "data": {"age": {"a": "37563724521113086208153892749996151272345172984867869694592985462047501315241", "b": "46440132458116531924414173645074955485078200922391217312346670941026860516353"}, "sex": {"a": "3036312249442500986180755750256606890104188491530564169593473689774375370219", "b": "2550461255450328628307512524804114055365774001383337481467762465562161072783"}, "year": {"a": "9336866319395615226261398365440157990395203456093515869898956208118809001211", "b": "54926620657131310348127402139936023053587038009086136635783813239551122687988"}, "grade": {"a": "31648128559012014518628896599933282089798738207667268019741773944376590164730", "b": "19409532374286718297180461013250375374820435684453162991934782250129396634177"}, "Votaci\u00f3n general 1: Elige al delegado al centro": {"a": "16825730757475321582517768342641128616479648930081188966630918602924308841283", "b": "63511820257652636363113670670569343496104207080945616793885708761729985328906"}, "Votaci\u00f3n general 1: Elige al delegado de tercero": {"a": "50141000256002017009058818334797839178005989965405208511916423576674868124125", "b": "41445378240543869571127294373668814582669443546246364737196037621580053189542"}, "<h2>Votaci\u00f3n general 1: Elige a los miembros de delegaci\u00f3n de alumnos</h2>": [{"a": "13523654578440233561755046344927339067983569668081180904834714505428248935110", "b": "29339468951514021992848732614777738979930032376085878274415982009713908237534"}, {"a": "35205461568074911795928821509057138837620960653752564239489993942458072593438", "b": "55022918473162077475288341011135496147548071970264418226870010950447753598087"}]}, "voted": "2021-01-15T11:01:04.179Z"}}, {"model": "store.vote", "pk": 14, "fields": {"voting_id": 2, "voter_id": 8, "data": {"age": {"a": "81189569617975517161759544139850189143603071632745665503108288528858172350737", "b": "13731116206561303614946057422485107774651488766522892000629249008359838437789"}, "sex": {"a": "40557934675384799885993758304110769143058586872396807357369472866324207348281", "b": "21611534125325819577772734422457738285664721164172351038030767086503234719022"}, "year": {"a": "16962095371294331207548994544021072474190299988412057032648885330499559949352", "b": "26726095259036505883314472896548945316622157147846987558743442107336856939613"}, "grade": {"a": "46173881489279353504032081259801895126993916606843980396218239198742266890479", "b": "34775734638649301948956168429150583572072189279770161676732703316475914681951"}, "Votaci\u00f3n general 1: Elige al delegado al centro": {"a": "78936488166779109728056380883972552806734333115101985583627667759983699686295", "b": "11802432743999590384215960125118951719416363891010697772939782362257100224095"}, "Votaci\u00f3n general 1: Elige al delegado de segundo": {"a": "26003517397949073731911515918894205521962634679394950513919111086680995768177", "b": "74759613344522041561344152603218874028535565575296836429640231277285564791590"}, "<h2>Votaci\u00f3n general 1: Elige a los miembros de delegaci\u00f3n de alumnos</h2>": [{"a": "53494467590607675450653259046025731207375370081620275294892543460121138972728", "b": "77220992491319856045976862815819976532474038248593155757815176829545838469934"}, {"a": "77075439486155052769200551858108270108644881394745354422624974117144446307302", "b": "68221832552575254445231902549453505665141288754932439611395850432670878804419"}]}, "voted": "2021-01-15T11:01:38.095Z"}}, {"model": "store.vote", "pk": 15, "fields": {"voting_id": 2, "voter_id": 7, "data": {"age": {"a": "57069184485889023198935895087183039259507020708019059273795134926674311713036", "b": "27140633840528965317694178112934591355384080439160080991047619493874843682306"}, "sex": {"a": "27202848051405397550400379814298696927120626895100845870717494838962758866634", "b": "65620226327732512390882384982506869613983868111778612203544259359428335442519"}, "year": {"a": "5590535900318824229120691866113712012069693381552624480578847632016459024304", "b": "78238631805882503551952451127955763504665071999925726983167459218432613428284"}, "grade": {"a": "25929546909967485497098471365752688313292815088501989909871162543875713707751", "b": "56280952279461309007015721504164958713777376397115971358753132340761952037964"}, "Votaci\u00f3n general 1: Elige al delegado al centro": {"a": "46244555565774517144651176675052904094626144780805941034657083112452704424757", "b": "67407917219993747850158334728546013274114855706791346070926248018012245422128"}, "Votaci\u00f3n general 1: Elige al delegado de primero": {"a": "22188396648571975833644530645287942673321188557685652445410116705174820859135", "b": "28036913449764029637795128436163596169777714900754033403146075247919921682173"}, "<h2>Votaci\u00f3n general 1: Elige a los miembros de delegaci\u00f3n de alumnos</h2>": [{"a": "14685184663640824263053157829821472685583056028534940402962218328066335559497", "b": "6594695159094714202120012673420790997445205827720627177638413324881874738794"}, {"a": "12850906901308278069284376333767512004170945316756859073324664873480116564967", "b": "66301314742559286085481879802501431029483293746488209698774396782881439667688"}]}, "voted": "2021-01-15T11:02:13.967Z"}}, {"model": "voting.question", "pk": 1, "fields": {"desc": "elige representante de primero de la candidatura \"Candidatura de ejemplo\""}}, {"model": "voting.question", "pk": 2, "fields": {"desc": "elige representante de segundo de la candidatura \"Candidatura de ejemplo\""}}, {"model": "voting.question", "pk": 3, "fields": {"desc": "elige representante de tercero de la candidatura \"Candidatura de ejemplo\""}}, {"model": "voting.question", "pk": 4, "fields": {"desc": "elige representante de cuarto de la candidatura \"Candidatura de ejemplo\""}}, {"model": "voting.question", "pk": 5, "fields": {"desc": "elige representante de m\u00e1ster de la candidatura \"Candidatura de ejemplo\""}}, {"model": "voting.question", "pk": 6, "fields": {"desc": "elige representante de delegado de centro de la candidatura \"Candidatura de ejemplo\""}}, {"model": "voting.question", "pk": 7, "fields": {"desc": "Votaci\u00f3n general 1: Elige al delegado de primero"}}, {"model": "voting.question", "pk": 8, "fields": {"desc": "Votaci\u00f3n general 1: Elige al delegado de segundo"}}, {"model": "voting.question", "pk": 9, "fields": {"desc": "Votaci\u00f3n general 1: Elige al delegado de tercero"}}, {"model": "voting.question", "pk": 10, "fields": {"desc": "Votaci\u00f3n general 1: Elige al delegado de cuarto"}}, {"model": "voting.question", "pk": 11, "fields": {"desc": "Votaci\u00f3n general 1: Elige al delegado del master"}}, {"model": "voting.question", "pk": 12, "fields": {"desc": "Votaci\u00f3n general 1: Elige al delegado al centro"}}, {"model": "voting.question", "pk": 13, "fields": {"desc": "Votaci\u00f3n general 1: Elige a los miembros de delegaci\u00f3n de alumnos"}}, {"model": "voting.questionoption", "pk": 1, "fields": {"question": 1, "number": 1, "option": "Francisco P\u00e9rez / 2"}}, {"model": "voting.questionoption", "pk": 2, "fields": {"question": 1, "number": 2, "option": "Angel Parrado / 7"}}, {"model": "voting.questionoption", "pk": 3, "fields": {"question": 2, "number": 1, "option": "David Adri\u00e1n / 3"}}, {"model": "voting.questionoption", "pk": 4, "fields": {"question": 2, "number": 2, "option": "Eva Zambrano / 8"}}, {"model": "voting.questionoption", "pk": 5, "fields": {"question": 3, "number": 1, "option": "Maria Sales / 4"}}, {"model": "voting.questionoption", "pk": 6, "fields": {"question": 3, "number": 2, "option": "Ana Fontan / 9"}}, {"model": "voting.questionoption", "pk": 7, "fields": {"question": 4, "number": 1, "option": "Josefina Varas / 5"}}, {"model": "voting.questionoption", "pk": 8, "fields": {"question": 4, "number": 2, "option": "Antonio Linares / 10"}}, {"model": "voting.questionoption", "pk": 9, "fields": {"question": 5, "number": 1, "option": "Jose Luis Granados / 6"}}, {"model": "voting.questionoption", "pk": 10, "fields": {"question": 5, "number": 2, "option": "Lorena Gabarri / 11"}}, {"model": "voting.questionoption", "pk": 11, "fields": {"question": 6, "number": 1, "option": "Francisco P\u00e9rez / 2"}}, {"model": "voting.questionoption", "pk": 12, "fields": {"question": 6, "number": 2, "option": "David Adri\u00e1n / 3"}}, {"model": "voting.questionoption", "pk": 13, "fields": {"question": 6, "number": 3, "option": "Maria Sales / 4"}}, {"model": "voting.questionoption", "pk": 14, "fields": {"question": 6, "number": 4, "option": "Josefina Varas / 5"}}, {"model": "voting.questionoption", "pk": 15, "fields": {"question": 6, "number": 5, "option": "Jose Luis Granados / 6"}}, {"model": "voting.questionoption", "pk": 16, "fields": {"question": 6, "number": 6, "option": "Angel Parrado / 7"}}, {"model": "voting.questionoption", "pk": 17, "fields": {"question": 6, "number": 7, "option": "Eva Zambrano / 8"}}, {"model": "voting.questionoption", "pk": 18, "fields": {"question": 6, "number": 8, "option": "Ana Fontan / 9"}}, {"model": "voting.questionoption", "pk": 19, "fields": {"question": 6, "number": 9, "option": "Antonio Linares / 10"}}, {"model": "voting.questionoption", "pk": 20, "fields": {"question": 6, "number": 10, "option": "Lorena Gabarri / 11"}}, {"model": "voting.questionoption", "pk": 21, "fields": {"question": 7, "number": 1, "option": "Francisco P\u00e9rez / 2"}}, {"model": "voting.questionoption", "pk": 22, "fields": {"question": 8, "number": 1, "option": "David Adri\u00e1n / 3"}}, {"model": "voting.questionoption", "pk": 23, "fields": {"question": 9, "number": 1, "option": "Maria Sales / 4"}}, {"model": "voting.questionoption", "pk": 24, "fields": {"question": 10, "number": 1, "option": "Josefina Varas / 5"}}, {"model": "voting.questionoption", "pk": 25, "fields": {"question": 11, "number": 1, "option": "Jose Luis Granados / 6"}}, {"model": "voting.questionoption", "pk": 26, "fields": {"question": 12, "number": 1, "option": "Francisco P\u00e9rez / 2"}}, {"model": "voting.questionoption", "pk": 27, "fields": {"question": 13, "number": 1, "option": "Angel Parrado / 7"}}, {"model": "voting.questionoption", "pk": 28, "fields": {"question": 13, "number": 2, "option": "Eva Zambrano / 8"}}, {"model": "voting.questionoption", "pk": 29, "fields": {"question": 13, "number": 3, "option": "Ana Fontan / 9"}}, {"model": "voting.questionoption", "pk": 30, "fields": {"question": 13, "number": 4, "option": "Antonio Linares / 10"}}, {"model": "voting.questionoption", "pk": 31, "fields": {"question": 13, "number": 5, "option": "Lorena Gabarri / 11"}}, {"model": "voting.voting", "pk": 1, "fields": {"name": "Votaciones de la candidatura \"Candidatura de ejemplo\"", "desc": "Elige a los representantes de tu candidatura.", "start_date": "2021-01-15T10:35:32.167Z", "end_date": "2021-01-15T10:42:30.983Z", "tipo": "PV", "candiancy": 1, "pub_key": 3, "tally": [{"age": 20, "sex": "Woman", "year": "Third", "grade": "Software", "elige representante de tercero de la candidatura \"Candidatura de ejemplo\"": 1, "elige representante de delegado de centro de la candidatura \"Candidatura de ejemplo\"": 1}, {"age": 18, "sex": "Man", "year": "First", "grade": "Software", "elige representante de primero de la candidatura \"Candidatura de ejemplo\"": 2, "elige representante de delegado de centro de la candidatura \"Candidatura de ejemplo\"": 1}, {"age": 21, "sex": "Man", "year": "Fourth", "grade": "Software", "elige representante de cuarto de la candidatura \"Candidatura de ejemplo\"": 2, "elige representante de delegado de centro de la candidatura \"Candidatura de ejemplo\"": 1}, {"age": 19, "sex": "Man", "year": "Second", "grade": "Software", "elige representante de segundo de la candidatura \"Candidatura de ejemplo\"": 2, "elige representante de delegado de centro de la candidatura \"Candidatura de ejemplo\"": 2}, {"age": 19, "sex": "Woman", "year": "Second", "grade": "Software", "elige representante de segundo de la candidatura \"Candidatura de ejemplo\"": 2, "elige representante de delegado de centro de la candidatura \"Candidatura de ejemplo\"": 2}, {"age": 18, "sex": "Man", "year": "First", "grade": "Software", "elige representante de primero de la candidatura \"Candidatura de ejemplo\"": 2, "elige representante de delegado de centro de la candidatura \"Candidatura de ejemplo\"": 1}, {"age": 22, "sex": "Man", "year": "Master", "grade": "Software", "elige representante de m\u00e1ster de la candidatura \"Candidatura de ejemplo\"": 2, "elige representante de delegado de centro de la candidatura \"Candidatura de ejemplo\"": 2}, {"age": 21, "sex": "Woman", "year": "Fourth", "grade": "Software", "elige representante de cuarto de la candidatura \"Candidatura de ejemplo\"": 2, "elige representante de delegado de centro de la candidatura \"Candidatura de ejemplo\"": 3}, {"age": 22, "sex": "Woman", "year": "Master", "grade": "Software", "elige representante de m\u00e1ster de la candidatura \"Candidatura de ejemplo\"": 1, "elige representante de delegado de centro de la candidatura \"Candidatura de ejemplo\"": 4}, {"age": 20, "sex": "Woman", "year": "Third", "grade": "Software", "elige representante de tercero de la candidatura \"Candidatura de ejemplo\"": 2, "elige representante de delegado de centro de la candidatura \"Candidatura de ejemplo\"": 5}], "postproc": {"id": 1, "desc": "Elige a los representantes de tu candidatura.", "tipo": "PV", "type": "IDENTITY", "titulo": "Votaciones de la candidatura \"Candidatura de ejemplo\"", "fecha_fin": "2021-01-15 10:42:30.983619+00:00", "preguntas": [{"opts": [{"votes": 4, "nombre": "Francisco P\u00e9rez / 2", "numero": 1, "voto_F": 1, "voto_M": 3, "media_edad": 19.25, "voto_curso": {"cuarto": 1, "master": 0, "primero": 2, "segundo": 0, "tercero": 1}, "estadisticas": {"votos_f": 25.0, "votos_m": 75.0, "votos_censo": 40.0, "votos_cuarto": 25.0, "votos_master": 0.0, "votos_primero": 50.0, "votos_segundo": 0.0, "votos_tercero": 25.0}}, {"votes": 3, "nombre": "David Adri\u00e1n / 3", "numero": 2, "voto_F": 1, "voto_M": 2, "media_edad": 20.0, "voto_curso": {"cuarto": 0, "master": 1, "primero": 0, "segundo": 2, "tercero": 0}, "estadisticas": {"votos_f": 33.33, "votos_m": 66.67, "votos_censo": 30.0, "votos_cuarto": 0.0, "votos_master": 33.33, "votos_primero": 0.0, "votos_segundo": 66.67, "votos_tercero": 0.0}}, {"votes": 1, "nombre": "Maria Sales / 4", "numero": 3, "voto_F": 1, "voto_M": 0, "media_edad": 21.0, "voto_curso": {"cuarto": 1, "master": 0, "primero": 0, "segundo": 0, "tercero": 0}, "estadisticas": {"votos_f": 100.0, "votos_m": 0.0, "votos_censo": 10.0, "votos_cuarto": 100.0, "votos_master": 0.0, "votos_primero": 0.0, "votos_segundo": 0.0, "votos_tercero": 0.0}}, {"votes": 1, "nombre": "Josefina Varas / 5", "numero": 4, "voto_F": 1, "voto_M": 0, "media_edad": 22.0, "voto_curso": {"cuarto": 0, "master": 1, "primero": 0, "segundo": 0, "tercero": 0}, "estadisticas": {"votos_f": 100.0, "votos_m": 0.0, "votos_censo": 10.0, "votos_cuarto": 0.0, "votos_master": 100.0, "votos_primero": 0.0, "votos_segundo": 0.0, "votos_tercero": 0.0}}, {"votes": 1, "nombre": "Jose Luis Granados / 6", "numero": 5, "voto_F": 1, "voto_M": 0, "media_edad": 20.0, "voto_curso": {"cuarto": 0, "master": 0, "primero": 0, "segundo": 0, "tercero": 1}, "estadisticas": {"votos_f": 100.0, "votos_m": 0.0, "votos_censo": 10.0, "votos_cuarto": 0.0, "votos_master": 0.0, "votos_primero": 0.0, "votos_segundo": 0.0, "votos_tercero": 100.0}}, {"votes": 0, "nombre": "Angel Parrado / 7", "numero": 6, "voto_F": 0, "voto_M": 0, "media_edad": 0.0, "voto_curso": {"cuarto": 0, "master": 0, "primero": 0, "segundo": 0, "tercero": 0}, "estadisticas": {"votos_f": 0, "votos_m": 0, "votos_censo": 0.0, "votos_cuarto": 0, "votos_master": 0, "votos_primero": 0, "votos_segundo": 0, "votos_tercero": 0}}, {"votes": 0, "nombre": "Eva Zambrano / 8", "numero": 7, "voto_F": 0, "voto_M": 0, "media_edad": 0.0, "voto_curso": {"cuarto": 0, "master": 0, "primero": 0, "segundo": 0, "tercero": 0}, "estadisticas": {"votos_f": 0, "votos_m": 0, "votos_censo": 0.0, "votos_cuarto": 0, "votos_master": 0, "votos_primero": 0, "votos_segundo": 0, "votos_tercero": 0}}, {"votes": 0, "nombre": "Ana Fontan / 9", "numero": 8, "voto_F": 0, "voto_M": 0, "media_edad": 0.0, "voto_curso": {"cuarto": 0, "master": 0, "primero": 0, "segundo": 0, "tercero": 0}, "estadisticas": {"votos_f": 0, "votos_m": 0, "votos_censo": 0.0, "votos_cuarto": 0, "votos_master": 0, "votos_primero": 0, "votos_segundo": 0, "votos_tercero": 0}}, {"votes": 0, "nombre": "Antonio Linares / 10", "numero": 9, "voto_F": 0, "voto_M": 0, "media_edad": 0.0, "voto_curso": {"cuarto": 0, "master": 0, "primero": 0, "segundo": 0, "tercero": 0}, "estadisticas": {"votos_f": 0, "votos_m": 0, "votos_censo": 0.0, "votos_cuarto": 0, "votos_master": 0, "votos_primero": 0, "votos_segundo": 0, "votos_tercero": 0}}, {"votes": 0, "nombre": "Lorena Gabarri / 11", "numero": 10, "voto_F": 0, "voto_M": 0, "media_edad": 0.0, "voto_curso": {"cuarto": 0, "master": 0, "primero": 0, "segundo": 0, "tercero": 0}, "estadisticas": {"votos_f": 0, "votos_m": 0, "votos_censo": 0.0, "votos_cuarto": 0, "votos_master": 0, "votos_primero": 0, "votos_segundo": 0, "votos_tercero": 0}}], "titulo": "elige representante de delegado de centro de la candidatura \"Candidatura de ejemplo\"", "indice_preg": 0, "numero_candidatos": 10}, {"opts": [{"votes": 2, "nombre": "Angel Parrado / 7", "numero": 2, "voto_F": 0, "voto_M": 2, "media_edad": 18.0, "estadisticas": {"votos_f": 0.0, "votos_m": 100.0, "votos_censo": 100.0}}, {"votes": 0, "nombre": "Francisco P\u00e9rez / 2", "numero": 1, "voto_F": 0, "voto_M": 0, "media_edad": 0.0, "estadisticas": {"votos_f": 0, "votos_m": 0, "votos_censo": 0.0}}], "titulo": "elige representante de primero de la candidatura \"Candidatura de ejemplo\"", "n_votantes": 2, "indice_preg": 1, "n_votantes_f": 2, "n_votantes_m": 2, "n_hombres_censo": 2, "n_mujeres_censo": 0, "n_personas_censo": 2, "numero_candidatos": 2, "media_edad_votantes": 18.0}, {"opts": [{"votes": 2, "nombre": "Eva Zambrano / 8", "numero": 2, "voto_F": 1, "voto_M": 1, "media_edad": 19.0, "estadisticas": {"votos_f": 50.0, "votos_m": 50.0, "votos_censo": 100.0}}, {"votes": 0, "nombre": "David Adri\u00e1n / 3", "numero": 1, "voto_F": 0, "voto_M": 0, "media_edad": 0.0, "estadisticas": {"votos_f": 0, "votos_m": 0, "votos_censo": 0.0}}], "titulo": "elige representante de segundo de la candidatura \"Candidatura de ejemplo\"", "n_votantes": 2, "indice_preg": 2, "n_votantes_f": 1, "n_votantes_m": 1, "n_hombres_censo": 1, "n_mujeres_censo": 1, "n_personas_censo": 2, "numero_candidatos": 2, "media_edad_votantes": 19.0}, {"opts": [{"votes": 1, "nombre": "Maria Sales / 4", "numero": 1, "voto_F": 1, "voto_M": 0, "media_edad": 20.0, "estadisticas": {"votos_f": 100.0, "votos_m": 0.0, "votos_censo": 50.0}}, {"votes": 1, "nombre": "Ana Fontan / 9", "numero": 2, "voto_F": 1, "voto_M": 0, "media_edad": 20.0, "estadisticas": {"votos_f": 100.0, "votos_m": 0.0, "votos_censo": 50.0}}], "titulo": "elige representante de tercero de la candidatura \"Candidatura de ejemplo\"", "n_votantes": 2, "indice_preg": 3, "n_votantes_f": 0, "n_votantes_m": 0, "n_hombres_censo": 0, "n_mujeres_censo": 2, "n_personas_censo": 2, "numero_candidatos": 2, "media_edad_votantes": 20.0}, {"opts": [{"votes": 2, "nombre": "Antonio Linares / 10", "numero": 2, "voto_F": 1, "voto_M": 1, "media_edad": 21.0, "estadisticas": {"votos_f": 50.0, "votos_m": 50.0, "votos_censo": 100.0}}, {"votes": 0, "nombre": "Josefina Varas / 5", "numero": 1, "voto_F": 0, "voto_M": 0, "media_edad": 0.0, "estadisticas": {"votos_f": 0, "votos_m": 0, "votos_censo": 0.0}}], "titulo": "elige representante de cuarto de la candidatura \"Candidatura de ejemplo\"", "n_votantes": 2, "indice_preg": 4, "n_votantes_f": 1, "n_votantes_m": 1, "n_hombres_censo": 1, "n_mujeres_censo": 1, "n_personas_censo": 2, "numero_candidatos": 2, "media_edad_votantes": 21.0}, {"opts": [{"votes": 1, "nombre": "Jose Luis Granados / 6", "numero": 1, "voto_F": 1, "voto_M": 0, "media_edad": 22.0, "estadisticas": {"votos_f": 100.0, "votos_m": 0.0, "votos_censo": 50.0}}, {"votes": 1, "nombre": "Lorena Gabarri / 11", "numero": 2, "voto_F": 0, "voto_M": 1, "media_edad": 22.0, "estadisticas": {"votos_f": 0.0, "votos_m": 100.0, "votos_censo": 50.0}}], "titulo": "elige representante de m\u00e1ster de la candidatura \"Candidatura de ejemplo\"", "n_votantes": 2, "indice_preg": 5, "n_votantes_f": 1, "n_votantes_m": 1, "n_hombres_censo": 1, "n_mujeres_censo": 1, "n_personas_censo": 2, "numero_candidatos": 2, "media_edad_votantes": 22.0}], "n_votantes": 10, "estadisticas": {"abstencion": {"_0": 0.0, "_1": 0.0, "_2": 0.0, "_3": 0.0, "_4": 0.0, "_5": 0.0}, "media_edad": {"_0": 20.0, "_1": 18.0, "_2": 19.0, "_3": 20.0, "_4": 21.0, "_5": 22.0}, "abstencion_f": {"_0": 0.0, "_1": 0, "_2": 0.0, "_3": 100.0, "_4": 0.0, "_5": 0.0}, "abstencion_m": {"_0": 0.0, "_1": 0.0, "_2": 0.0, "_3": 0, "_4": 0.0, "_5": 0.0}}, "fecha_inicio": "2021-01-15 10:35:32.167447+00:00", "n_votantes_f": 5, "n_votantes_m": 5, "n_hombres_censo": 5, "n_mujeres_censo": 5, "n_personas_censo": 10, "media_edad_votantes": 20.0}, "question": [1, 2, 3, 4, 5, 6], "auths": [1]}}, {"model": "voting.voting", "pk": 2, "fields": {"name": "Votaci\u00f3n general 1", "desc": "Elige a los representantes de tu centro", "start_date": "2021-01-15T10:53:30.232Z", "end_date": null, "tipo": "GV", "candiancy": null, "pub_key": 6, "tally": null, "postproc": null, "question": [7, 8, 9, 10, 11, 12, 13], "auths": [1, 2]}}, {"model": "auth.permission", "pk": 1, "fields": {"name": "Can add log entry", "content_type": 1, "codename": "add_logentry"}}, {"model": "auth.permission", "pk": 2, "fields": {"name": "Can change log entry", "content_type": 1, "codename": "change_logentry"}}, {"model": "auth.permission", "pk": 3, "fields": {"name": "Can delete log entry", "content_type": 1, "codename": "delete_logentry"}}, {"model": "auth.permission", "pk": 4, "fields": {"name": "Can add permission", "content_type": 2, "codename": "add_permission"}}, {"model": "auth.permission", "pk": 5, "fields": {"name": "Can change permission", "content_type": 2, "codename": "change_permission"}}, {"model": "auth.permission", "pk": 6, "fields": {"name": "Can delete permission", "content_type": 2, "codename": "delete_permission"}}, {"model": "auth.permission", "pk": 7, "fields": {"name": "Can add group", "content_type": 3, "codename": "add_group"}}, {"model": "auth.permission", "pk": 8, "fields": {"name": "Can change group", "content_type": 3, "codename": "change_group"}}, {"model": "auth.permission", "pk": 9, "fields": {"name": "Can delete group", "content_type": 3, "codename": "delete_group"}}, {"model": "auth.permission", "pk": 10, "fields": {"name": "Can add user", "content_type": 4, "codename": "add_user"}}, {"model": "auth.permission", "pk": 11, "fields": {"name": "Can change user", "content_type": 4, "codename": "change_user"}}, {"model": "auth.permission", "pk": 12, "fields": {"name": "Can delete user", "content_type": 4, "codename": "delete_user"}}, {"model": "auth.permission", "pk": 13, "fields": {"name": "Can add content type", "content_type": 5, "codename": "add_contenttype"}}, {"model": "auth.permission", "pk": 14, "fields": {"name": "Can change content type", "content_type": 5, "codename": "change_contenttype"}}, {"model": "auth.permission", "pk": 15, "fields": {"name": "Can delete content type", "content_type": 5, "codename": "delete_contenttype"}}, {"model": "auth.permission", "pk": 16, "fields": {"name": "Can add session", "content_type": 6, "codename": "add_session"}}, {"model": "auth.permission", "pk": 17, "fields": {"name": "Can change session", "content_type": 6, "codename": "change_session"}}, {"model": "auth.permission", "pk": 18, "fields": {"name": "Can delete session", "content_type": 6, "codename": "delete_session"}}, {"model": "auth.permission", "pk": 19, "fields": {"name": "Can add site", "content_type": 7, "codename": "add_site"}}, {"model": "auth.permission", "pk": 20, "fields": {"name": "Can change site", "content_type": 7, "codename": "change_site"}}, {"model": "auth.permission", "pk": 21, "fields": {"name": "Can delete site", "content_type": 7, "codename": "delete_site"}}, {"model": "auth.permission", "pk": 22, "fields": {"name": "Can add Token", "content_type": 8, "codename": "add_token"}}, {"model": "auth.permission", "pk": 23, "fields": {"name": "Can change Token", "content_type": 8, "codename": "change_token"}}, {"model": "auth.permission", "pk": 24, "fields": {"name": "Can delete Token", "content_type": 8, "codename": "delete_token"}}, {"model": "auth.permission", "pk": 25, "fields": {"name": "Can add email address", "content_type": 9, "codename": "add_emailaddress"}}, {"model": "auth.permission", "pk": 26, "fields": {"name": "Can change email address", "content_type": 9, "codename": "change_emailaddress"}}, {"model": "auth.permission", "pk": 27, "fields": {"name": "Can delete email address", "content_type": 9, "codename": "delete_emailaddress"}}, {"model": "auth.permission", "pk": 28, "fields": {"name": "Can add email confirmation", "content_type": 10, "codename": "add_emailconfirmation"}}, {"model": "auth.permission", "pk": 29, "fields": {"name": "Can change email confirmation", "content_type": 10, "codename": "change_emailconfirmation"}}, {"model": "auth.permission", "pk": 30, "fields": {"name": "Can delete email confirmation", "content_type": 10, "codename": "delete_emailconfirmation"}}, {"model": "auth.permission", "pk": 31, "fields": {"name": "Can add social application", "content_type": 11, "codename": "add_socialapp"}}, {"model": "auth.permission", "pk": 32, "fields": {"name": "Can change social application", "content_type": 11, "codename": "change_socialapp"}}, {"model": "auth.permission", "pk": 33, "fields": {"name": "Can delete social application", "content_type": 11, "codename": "delete_socialapp"}}, {"model": "auth.permission", "pk": 34, "fields": {"name": "Can add social account", "content_type": 12, "codename": "add_socialaccount"}}, {"model": "auth.permission", "pk": 35, "fields": {"name": "Can change social account", "content_type": 12, "codename": "change_socialaccount"}}, {"model": "auth.permission", "pk": 36, "fields": {"name": "Can delete social account", "content_type": 12, "codename": "delete_socialaccount"}}, {"model": "auth.permission", "pk": 37, "fields": {"name": "Can add social application token", "content_type": 13, "codename": "add_socialtoken"}}, {"model": "auth.permission", "pk": 38, "fields": {"name": "Can change social application token", "content_type": 13, "codename": "change_socialtoken"}}, {"model": "auth.permission", "pk": 39, "fields": {"name": "Can delete social application token", "content_type": 13, "codename": "delete_socialtoken"}}, {"model": "auth.permission", "pk": 40, "fields": {"name": "Can add user social auth", "content_type": 14, "codename": "add_usersocialauth"}}, {"model": "auth.permission", "pk": 41, "fields": {"name": "Can change user social auth", "content_type": 14, "codename": "change_usersocialauth"}}, {"model": "auth.permission", "pk": 42, "fields": {"name": "Can delete user social auth", "content_type": 14, "codename": "delete_usersocialauth"}}, {"model": "auth.permission", "pk": 43, "fields": {"name": "Can add nonce", "content_type": 15, "codename": "add_nonce"}}, {"model": "auth.permission", "pk": 44, "fields": {"name": "Can change nonce", "content_type": 15, "codename": "change_nonce"}}, {"model": "auth.permission", "pk": 45, "fields": {"name": "Can delete nonce", "content_type": 15, "codename": "delete_nonce"}}, {"model": "auth.permission", "pk": 46, "fields": {"name": "Can add association", "content_type": 16, "codename": "add_association"}}, {"model": "auth.permission", "pk": 47, "fields": {"name": "Can change association", "content_type": 16, "codename": "change_association"}}, {"model": "auth.permission", "pk": 48, "fields": {"name": "Can delete association", "content_type": 16, "codename": "delete_association"}}, {"model": "auth.permission", "pk": 49, "fields": {"name": "Can add code", "content_type": 17, "codename": "add_code"}}, {"model": "auth.permission", "pk": 50, "fields": {"name": "Can change code", "content_type": 17, "codename": "change_code"}}, {"model": "auth.permission", "pk": 51, "fields": {"name": "Can delete code", "content_type": 17, "codename": "delete_code"}}, {"model": "auth.permission", "pk": 52, "fields": {"name": "Can add partial", "content_type": 18, "codename": "add_partial"}}, {"model": "auth.permission", "pk": 53, "fields": {"name": "Can change partial", "content_type": 18, "codename": "change_partial"}}, {"model": "auth.permission", "pk": 54, "fields": {"name": "Can delete partial", "content_type": 18, "codename": "delete_partial"}}, {"model": "auth.permission", "pk": 55, "fields": {"name": "Can add voting user", "content_type": 19, "codename": "add_votinguser"}}, {"model": "auth.permission", "pk": 56, "fields": {"name": "Can change voting user", "content_type": 19, "codename": "change_votinguser"}}, {"model": "auth.permission", "pk": 57, "fields": {"name": "Can delete voting user", "content_type": 19, "codename": "delete_votinguser"}}, {"model": "auth.permission", "pk": 58, "fields": {"name": "Can add auth", "content_type": 20, "codename": "add_auth"}}, {"model": "auth.permission", "pk": 59, "fields": {"name": "Can change auth", "content_type": 20, "codename": "change_auth"}}, {"model": "auth.permission", "pk": 60, "fields": {"name": "Can delete auth", "content_type": 20, "codename": "delete_auth"}}, {"model": "auth.permission", "pk": 61, "fields": {"name": "Can add key", "content_type": 21, "codename": "add_key"}}, {"model": "auth.permission", "pk": 62, "fields": {"name": "Can change key", "content_type": 21, "codename": "change_key"}}, {"model": "auth.permission", "pk": 63, "fields": {"name": "Can delete key", "content_type": 21, "codename": "delete_key"}}, {"model": "auth.permission", "pk": 64, "fields": {"name": "Can add census", "content_type": 22, "codename": "add_census"}}, {"model": "auth.permission", "pk": 65, "fields": {"name": "Can change census", "content_type": 22, "codename": "change_census"}}, {"model": "auth.permission", "pk": 66, "fields": {"name": "Can delete census", "content_type": 22, "codename": "delete_census"}}, {"model": "auth.permission", "pk": 67, "fields": {"name": "Can add mixnet", "content_type": 23, "codename": "add_mixnet"}}, {"model": "auth.permission", "pk": 68, "fields": {"name": "Can change mixnet", "content_type": 23, "codename": "change_mixnet"}}, {"model": "auth.permission", "pk": 69, "fields": {"name": "Can delete mixnet", "content_type": 23, "codename": "delete_mixnet"}}, {"model": "auth.permission", "pk": 70, "fields": {"name": "Can add vote", "content_type": 24, "codename": "add_vote"}}, {"model": "auth.permission", "pk": 71, "fields": {"name": "Can change vote", "content_type": 24, "codename": "change_vote"}}, {"model": "auth.permission", "pk": 72, "fields": {"name": "Can delete vote", "content_type": 24, "codename": "delete_vote"}}, {"model": "auth.permission", "pk": 73, "fields": {"name": "Can add question", "content_type": 25, "codename": "add_question"}}, {"model": "auth.permission", "pk": 74, "fields": {"name": "Can change question", "content_type": 25, "codename": "change_question"}}, {"model": "auth.permission", "pk": 75, "fields": {"name": "Can delete question", "content_type": 25, "codename": "delete_question"}}, {"model": "auth.permission", "pk": 76, "fields": {"name": "Can add question option", "content_type": 26, "codename": "add_questionoption"}}, {"model": "auth.permission", "pk": 77, "fields": {"name": "Can change question option", "content_type": 26, "codename": "change_questionoption"}}, {"model": "auth.permission", "pk": 78, "fields": {"name": "Can delete question option", "content_type": 26, "codename": "delete_questionoption"}}, {"model": "auth.permission", "pk": 79, "fields": {"name": "Can add candidatura", "content_type": 27, "codename": "add_candidatura"}}, {"model": "auth.permission", "pk": 80, "fields": {"name": "Can change candidatura", "content_type": 27, "codename": "change_candidatura"}}, {"model": "auth.permission", "pk": 81, "fields": {"name": "Can delete candidatura", "content_type": 27, "codename": "delete_candidatura"}}, {"model": "auth.permission", "pk": 82, "fields": {"name": "Can add voting", "content_type": 28, "codename": "add_voting"}}, {"model": "auth.permission", "pk": 83, "fields": {"name": "Can change voting", "content_type": 28, "codename": "change_voting"}}, {"model": "auth.permission", "pk": 84, "fields": {"name": "Can delete voting", "content_type": 28, "codename": "delete_voting"}}, {"model": "auth.user", "pk": 1, "fields": {"password": "pbkdf2_sha256$100000$auAqIL06w3cr$3Zmj0Q77tJyR1Zczq+K2xeHqWiy5K12NzGaW616KdfY=", "last_login": "2021-01-15T10:57:04.304Z", "is_superuser": true, "username": "admin", "first_name": "", "last_name": "", "email": "", "is_staff": true, "is_active": true, "date_joined": "2021-01-15T10:15:38.181Z", "groups": [], "user_permissions": []}}, {"model": "auth.user", "pk": 2, "fields": {"password": "pbkdf2_sha256$100000$LkLRYZcc2Uq2$F4Zzy0L6xkTPk3oKDaKdHwh6sfCse5PQDbFpK1BgU2k=", "last_login": "2021-01-15T10:38:46.789Z", "is_superuser": false, "username": "franpe", "first_name": "Francisco", "last_name": "P\u00e9rez", "email": "email1@email.com", "is_staff": false, "is_active": true, "date_joined": "2021-01-15T10:20:06.967Z", "groups": [], "user_permissions": []}}, {"model": "auth.user", "pk": 3, "fields": {"password": "pbkdf2_sha256$100000$xoRe6kSgw21P$CYJBZ6LaSfRstlqTbNsOPT4R5PI16m2sU+QdRSywip8=", "last_login": "2021-01-15T10:37:47.195Z", "is_superuser": false, "username": "davad", "first_name": "David", "last_name": "Adri\u00e1n", "email": "email2@email.com", "is_staff": false, "is_active": true, "date_joined": "2021-01-15T10:20:55.199Z", "groups": [], "user_permissions": []}}, {"model": "auth.user", "pk": 4, "fields": {"password": "pbkdf2_sha256$100000$ODh1H5T20Aqe$CvGitcT8JtHUHjQnpuzP0OI+8Jb4l+GXl8jSwD4lwFo=", "last_login": "2021-01-15T10:40:39.259Z", "is_superuser": false, "username": "masal", "first_name": "Maria", "last_name": "Sales", "email": "email3@email.com", "is_staff": false, "is_active": true, "date_joined": "2021-01-15T10:21:34.696Z", "groups": [], "user_permissions": []}}, {"model": "auth.user", "pk": 5, "fields": {"password": "pbkdf2_sha256$100000$j0x9uyuG7Uat$UmIt+SV69HWPTOf7EwpafwhzZP3YU0MKrQ32x6V+ynM=", "last_login": "2021-01-15T10:39:43.465Z", "is_superuser": false, "username": "josva", "first_name": "Josefina", "last_name": "Varas", "email": "email4@email.com", "is_staff": false, "is_active": true, "date_joined": "2021-01-15T10:22:16.813Z", "groups": [], "user_permissions": []}}, {"model": "auth.user", "pk": 6, "fields": {"password": "pbkdf2_sha256$100000$Mbijjij1Xpli$uMkPAqY/JnV5+Ru+MJ/zQKLv1OQTzyzixb+3XbQJD1M=", "last_login": "2021-01-15T10:39:20.152Z", "is_superuser": false, "username": "josgra", "first_name": "Jose Luis", "last_name": "Granados", "email": "email5@email.com", "is_staff": false, "is_active": true, "date_joined": "2021-01-15T10:22:54.015Z", "groups": [], "user_permissions": []}}, {"model": "auth.user", "pk": 7, "fields": {"password": "pbkdf2_sha256$100000$AvDKY7lpvr47$WEY47pxMRnVqxqs/LSvlttS5VOpfL9R/vgrDxmli2+g=", "last_login": "2021-01-15T11:01:50.654Z", "is_superuser": false, "username": "angpa", "first_name": "Angel", "last_name": "Parrado", "email": "email6@email.com", "is_staff": false, "is_active": true, "date_joined": "2021-01-15T10:24:10.440Z", "groups": [], "user_permissions": []}}, {"model": "auth.user", "pk": 8, "fields": {"password": "pbkdf2_sha256$100000$A0RfbswTNaeV$mi2z7lIdljuc16Zj2BbGLLTOFMKkTexC5UtB4dtVeQk=", "last_login": "2021-01-15T11:01:17.224Z", "is_superuser": false, "username": "ezam", "first_name": "Eva", "last_name": "Zambrano", "email": "email7@email.com", "is_staff": false, "is_active": true, "date_joined": "2021-01-15T10:25:02.143Z", "groups": [], "user_permissions": []}}, {"model": "auth.user", "pk": 9, "fields": {"password": "pbkdf2_sha256$100000$kflmZzxXYqAO$2AMxra6lfjWwbE7uNOn5YoI7QMY3IZKqNsy4YBcFAKE=", "last_login": "2021-01-15T11:00:39.746Z", "is_superuser": false, "username": "afon", "first_name": "Ana", "last_name": "Fontan", "email": "email8@email.com", "is_staff": false, "is_active": true, "date_joined": "2021-01-15T10:25:36.927Z", "groups": [], "user_permissions": []}}, {"model": "auth.user", "pk": 10, "fields": {"password": "pbkdf2_sha256$100000$phhHab9cU9TP$HJU+4CcL/+0AMMHoPwKw+XY88ou7Ge5hEzntNBJ58Ag=", "last_login": "2021-01-15T11:00:04.641Z", "is_superuser": false, "username": "antli", "first_name": "Antonio", "last_name": "Linares", "email": "email9@email.com", "is_staff": false, "is_active": true, "date_joined": "2021-01-15T10:26:29.927Z", "groups": [], "user_permissions": []}}, {"model": "auth.user", "pk": 11, "fields": {"password": "pbkdf2_sha256$100000$uwubXeXmiTFJ$3SU58ULZl3Y3CSft7LPv9+uDJjd0f/eXM+Vk9QFhIWo=", "last_login": "2021-01-15T10:59:09.121Z", "is_superuser": false, "username": "loga", "first_name": "Lorena", "last_name": "Gabarri", "email": "email10@email.com", "is_staff": false, "is_active": true, "date_joined": "2021-01-15T10:27:11.159Z", "groups": [], "user_permissions": []}}, {"model": "authtoken.token", "pk": "040deeecb7c94ba513ca02428cbb22cdfd8ce065", "fields": {"user": 7, "created": "2021-01-15T10:24:10.542Z"}}, {"model": "authtoken.token", "pk": "0706fa9d60e81cb955e2e25544280e6cc88125f5", "fields": {"user": 9, "created": "2021-01-15T10:25:37.137Z"}}, {"model": "authtoken.token", "pk": "0fd676a55720b0ea318ec6c4b19a47b9afca9949", "fields": {"user": 5, "created": "2021-01-15T10:22:17.011Z"}}, {"model": "authtoken.token", "pk": "3fd896b54f03c479169cd152e35af49e173d1244", "fields": {"user": 6, "created": "2021-01-15T10:22:54.216Z"}}, {"model": "authtoken.token", "pk": "4aabd7c05a13b6e980487bf3408261c3e658dac0", "fields": {"user": 3, "created": "2021-01-15T10:20:55.419Z"}}, {"model": "authtoken.token", "pk": "7aa8ec434dc90d7ab9a6f2b1ee1e09cfebbcf7b2", "fields": {"user": 8, "created": "2021-01-15T10:25:02.258Z"}}, {"model": "authtoken.token", "pk": "923eb909c156595531e7bcf988623d425534282f", "fields": {"user": 1, "created": "2021-01-15T10:16:31.671Z"}}, {"model": "authtoken.token", "pk": "bdcb87564bcff2fb3028f034e72a060f94c8c031", "fields": {"user": 4, "created": "2021-01-15T10:21:34.835Z"}}, {"model": "authtoken.token", "pk": "db5ee68cfc941270f648146d2a188e51d38677e7", "fields": {"user": 11, "created": "2021-01-15T10:27:11.307Z"}}, {"model": "authtoken.token", "pk": "dd9c5ac5b941505805555e3d0eeb9ebf6577bdfb", "fields": {"user": 10, "created": "2021-01-15T10:26:30.030Z"}}, {"model": "authtoken.token", "pk": "f5908a7dcb1683f3c0bfb7455021897e38a9233c", "fields": {"user": 2, "created": "2021-01-15T10:20:07.215Z"}}, {"model": "authentication.votinguser", "pk": 1, "fields": {"user": 2, "dni": "12345673F", "sexo": "Man", "titulo": "Software", "curso": "First", "candidatura": 1, "edad": 18}}, {"model": "authentication.votinguser", "pk": 2, "fields": {"user": 3, "dni": "12335673F", "sexo": "Man", "titulo": "Software", "curso": "Second", "candidatura": 1, "edad": 19}}, {"model": "authentication.votinguser", "pk": 3, "fields": {"user": 4, "dni": "12335678F", "sexo": "Woman", "titulo": "Software", "curso": "Third", "candidatura": 1, "edad": 20}}, {"model": "authentication.votinguser", "pk": 4, "fields": {"user": 5, "dni": "12452713F", "sexo": "Woman", "titulo": "Software", "curso": "Fourth", "candidatura": 1, "edad": 21}}, {"model": "authentication.votinguser", "pk": 5, "fields": {"user": 6, "dni": "12345628F", "sexo": "Man", "titulo": "Software", "curso": "Master", "candidatura": 1, "edad": 22}}, {"model": "authentication.votinguser", "pk": 6, "fields": {"user": 7, "dni": "12645673F", "sexo": "Man", "titulo": "Software", "curso": "First", "candidatura": 1, "edad": 18}}, {"model": "authentication.votinguser", "pk": 7, "fields": {"user": 8, "dni": "12345628R", "sexo": "Woman", "titulo": "Software", "curso": "Second", "candidatura": 1, "edad": 19}}, {"model": "authentication.votinguser", "pk": 8, "fields": {"user": 9, "dni": "12345628P", "sexo": "Woman", "titulo": "Software", "curso": "Third", "candidatura": 1, "edad": 20}}, {"model": "authentication.votinguser", "pk": 9, "fields": {"user": 10, "dni": "12345628T", "sexo": "Man", "titulo": "Software", "curso": "Fourth", "candidatura": 1, "edad": 21}}, {"model": "authentication.votinguser", "pk": 10, "fields": {"user": 11, "dni": "12345628G", "sexo": "Woman", "titulo": "Software", "curso": "Master", "candidatura": 1, "edad": 22}}, {"model": "voting.candidatura", "pk": 1, "fields": {"nombre": "Candidatura de ejemplo", "delegadoCentro": 2, "representanteDelegadoPrimero": 2, "representanteDelegadoSegundo": 3, "representanteDelegadoTercero": 4, "representanteDelegadoCuarto": 5, "representanteDelegadoMaster": 6}}, {"model": "admin.logentry", "pk": 1, "fields": {"action_time": "2021-01-15T10:19:26.669Z", "user": 1, "content_type": 27, "object_id": "1", "object_repr": "Candidatura de ejemplo", "action_flag": 1, "change_message": "[{\"added\": {}}]"}}, {"model": "admin.logentry", "pk": 2, "fields": {"action_time": "2021-01-15T10:31:31.386Z", "user": 1, "content_type": 20, "object_id": "1", "object_repr": "http://localhost:8000", "action_flag": 1, "change_message": "[{\"added\": {}}]"}}, {"model": "admin.logentry", "pk": 3, "fields": {"action_time": "2021-01-15T10:33:43.355Z", "user": 1, "content_type": 22, "object_id": "1", "object_repr": "Census object (1)", "action_flag": 1, "change_message": "[{\"added\": {}}]"}}, {"model": "admin.logentry", "pk": 4, "fields": {"action_time": "2021-01-15T10:33:54.124Z", "user": 1, "content_type": 22, "object_id": "2", "object_repr": "Census object (2)", "action_flag": 1, "change_message": "[{\"added\": {}}]"}}, {"model": "admin.logentry", "pk": 5, "fields": {"action_time": "2021-01-15T10:33:59.826Z", "user": 1, "content_type": 22, "object_id": "3", "object_repr": "Census object (3)", "action_flag": 1, "change_message": "[{\"added\": {}}]"}}, {"model": "admin.logentry", "pk": 6, "fields": {"action_time": "2021-01-15T10:34:05.598Z", "user": 1, "content_type": 22, "object_id": "4", "object_repr": "Census object (4)", "action_flag": 1, "change_message": "[{\"added\": {}}]"}}, {"model": "admin.logentry", "pk": 7, "fields": {"action_time": "2021-01-15T10:34:08.426Z", "user": 1, "content_type": 22, "object_id": "5", "object_repr": "Census object (5)", "action_flag": 1, "change_message": "[{\"added\": {}}]"}}, {"model": "admin.logentry", "pk": 8, "fields": {"action_time": "2021-01-15T10:34:11.073Z", "user": 1, "content_type": 22, "object_id": "6", "object_repr": "Census object (6)", "action_flag": 1, "change_message": "[{\"added\": {}}]"}}, {"model": "admin.logentry", "pk": 9, "fields": {"action_time": "2021-01-15T10:34:14.341Z", "user": 1, "content_type": 22, "object_id": "7", "object_repr": "Census object (7)", "action_flag": 1, "change_message": "[{\"added\": {}}]"}}, {"model": "admin.logentry", "pk": 10, "fields": {"action_time": "2021-01-15T10:34:17.472Z", "user": 1, "content_type": 22, "object_id": "8", "object_repr": "Census object (8)", "action_flag": 1, "change_message": "[{\"added\": {}}]"}}, {"model": "admin.logentry", "pk": 11, "fields": {"action_time": "2021-01-15T10:34:21.305Z", "user": 1, "content_type": 22, "object_id": "9", "object_repr": "Census object (9)", "action_flag": 1, "change_message": "[{\"added\": {}}]"}}, {"model": "admin.logentry", "pk": 12, "fields": {"action_time": "2021-01-15T10:34:25.817Z", "user": 1, "content_type": 22, "object_id": "10", "object_repr": "Census object (10)", "action_flag": 1, "change_message": "[{\"added\": {}}]"}}, {"model": "admin.logentry", "pk": 13, "fields": {"action_time": "2021-01-15T10:55:17.691Z", "user": 1, "content_type": 22, "object_id": "11", "object_repr": "Census object (11)", "action_flag": 1, "change_message": "[{\"added\": {}}]"}}, {"model": "admin.logentry", "pk": 14, "fields": {"action_time": "2021-01-15T10:55:20.634Z", "user": 1, "content_type": 22, "object_id": "12", "object_repr": "Census object (12)", "action_flag": 1, "change_message": "[{\"added\": {}}]"}}, {"model": "admin.logentry", "pk": 15, "fields": {"action_time": "2021-01-15T10:55:27.065Z", "user": 1, "content_type": 22, "object_id": "13", "object_repr": "Census object (13)", "action_flag": 1, "change_message": "[{\"added\": {}}]"}}, {"model": "admin.logentry", "pk": 16, "fields": {"action_time": "2021-01-15T10:55:30.882Z", "user": 1, "content_type": 22, "object_id": "14", "object_repr": "Census object (14)", "action_flag": 1, "change_message": "[{\"added\": {}}]"}}, {"model": "admin.logentry", "pk": 17, "fields": {"action_time": "2021-01-15T10:55:34.432Z", "user": 1, "content_type": 22, "object_id": "15", "object_repr": "Census object (15)", "action_flag": 1, "change_message": "[{\"added\": {}}]"}}, {"model": "admin.logentry", "pk": 18, "fields": {"action_time": "2021-01-15T10:55:38.039Z", "user": 1, "content_type": 22, "object_id": "16", "object_repr": "Census object (16)", "action_flag": 1, "change_message": "[{\"added\": {}}]"}}, {"model": "admin.logentry", "pk": 19, "fields": {"action_time": "2021-01-15T10:55:42.312Z", "user": 1, "content_type": 22, "object_id": "17", "object_repr": "Census object (17)", "action_flag": 1, "change_message": "[{\"added\": {}}]"}}, {"model": "admin.logentry", "pk": 20, "fields": {"action_time": "2021-01-15T10:55:46.774Z", "user": 1, "content_type": 22, "object_id": "18", "object_repr": "Census object (18)", "action_flag": 1, "change_message": "[{\"added\": {}}]"}}, {"model": "admin.logentry", "pk": 21, "fields": {"action_time": "2021-01-15T10:55:49.645Z", "user": 1, "content_type": 22, "object_id": "19", "object_repr": "Census object (19)", "action_flag": 1, "change_message": "[{\"added\": {}}]"}}, {"model": "admin.logentry", "pk": 22, "fields": {"action_time": "2021-01-15T10:56:00.702Z", "user": 1, "content_type": 22, "object_id": "20", "object_repr": "Census object (20)", "action_flag": 1, "change_message": "[{\"added\": {}}]"}}]